STT,type,tên giống loài,tuổi thọ trung bình,cân nặng trung bình,chiều cao trung bình,chiều dài trung bình,cách chăm,giá có giấy tờ,giá không giấy tờ,giá quốc tế,score_energy,score_space,score_grooming,score_kid_friendly,score_size,size_index
0,Dog,chihuahua,11 năm - 20 năm,1.5 – 3 kg,15 – 23 cm,24 – 38 cm,"Chihuahua có thể trạng nhỏ bé và khá nhạy cảm, vì vậy việc chăm sóc cần sự cẩn thận. Về chế độ ăn uống, chúng dễ bị hạ đường huyết nên cần được chia khẩu phần thành nhiều bữa nhỏ trong ngày thay vì cho ăn quá nhiều vào một bữa. Thức ăn nên giàu đạm, ít béo và có thể bổ sung rau củ quả mềm để hỗ trợ tiêu hóa. Do kích thước nhỏ, Chihuahua không cần vận động nhiều như các giống chó lớn; chỉ cần được dắt đi dạo khoảng 15–30 phút mỗi ngày và chơi trong nhà cũng đủ giúp chúng duy trì thể lực.  
  
Về sức khỏe, đây là giống chó dễ gặp vấn đề về răng miệng, do đó cần vệ sinh răng thường xuyên để tránh viêm nướu hoặc rụng răng sớm. Chúng cũng khá nhạy cảm với thời tiết lạnh, nên cần mặc áo giữ ấm khi trời trở lạnh hoặc khi đi ra ngoài vào mùa đông. Ngoài ra, vì xương khớp của Chihuahua yếu và dễ bị trật xương bánh chè hay viêm khí quản, bạn nên tránh để chó nhảy từ chỗ cao xuống hay vận động quá mạnh.  
  
Tính cách của Chihuahua rất thông minh, trung thành nhưng lại hay sủa nếu không được huấn luyện từ nhỏ. Việc xã hội hóa sớm là cần thiết để giúp chúng hòa đồng hơn, tránh cắn người lạ hoặc xung đột với các vật nuôi khác. Nếu được nuôi dạy đúng cách, Chihuahua sẽ trở thành một người bạn đồng hành tuyệt vời, thân thiết và giàu tình cảm.",10 – 20 triệu VNĐ,3 – 6 triệu VNĐ,500 – 2000 USD,2,1,2,2,small,0.3103516015510117
1,Dog,japanese_spaniel,10 năm - 14 năm,1.8 – 6.8 kg,20 – 28 cm,28 – 36 cm,"Japanese Spaniel là giống chó nhỏ, thanh lịch, thường được ví như “quý tộc cung đình Nhật Bản”. Vì có kích thước nhỏ và tính cách trầm tĩnh, chúng phù hợp sống trong căn hộ hoặc nhà phố. Về chế độ ăn uống, cần cho ăn khẩu phần cân bằng với protein từ thịt gà, cá hoặc cừu, kết hợp rau củ và một ít tinh bột. Do hệ tiêu hóa nhạy cảm, việc cho ăn cần đều đặn, tránh thức ăn dầu mỡ hoặc gia vị mạnh.  
  
Giống chó này có bộ lông dài, mượt và khá dày nên cần được chải chuốt thường xuyên, ít nhất 2–3 lần/tuần để tránh rối lông. Khi thời tiết nóng, bạn nên chú ý giữ mát cho chúng vì dễ bị sốc nhiệt, còn khi trời lạnh có thể cần thêm áo giữ ấm. Chúng không đòi hỏi vận động mạnh; chỉ cần được dắt đi dạo ngắn hoặc chơi nhẹ trong nhà mỗi ngày là đủ để duy trì thể trạng và tinh thần.  
  
Về sức khỏe, Japanese Spaniel dễ gặp vấn đề về mắt (lồi, khô mắt, viêm giác mạc), đường hô hấp (do mặt ngắn) và răng miệng. Vì vậy cần vệ sinh răng định kỳ và đưa đi kiểm tra thú y đều đặn. Đây cũng là giống chó nhạy cảm về cảm xúc, thường gắn bó và quấn chủ, nên cần được quan tâm và tránh để chúng cô đơn quá lâu. Nếu được nuôi dưỡng đúng cách, Japanese Spaniel sẽ là một chú chó nhỏ thanh lịch, tình cảm và rất trung thành.",20 – 40 triệu VNĐ,10 – 20 triệu VNĐ,1500 – 3000 USD (những con có gia phả đẹp có thể tới 5000 USD),2,5,4,4,small,0.3887704516443291
2,Dog,maltese_dog,12 năm - 15 năm ,2.5 – 3.2 kg,20 – 25 cm,25 – 30 cm,"Maltese là giống chó nhỏ nhắn, quý phái với bộ lông trắng muốt dài thướt tha, vì vậy việc chăm sóc lông là ưu tiên hàng đầu. Bộ lông cần được chải chuốt hằng ngày để tránh rối và tắm thường xuyên bằng sữa tắm chuyên dụng cho chó lông trắng để giữ màu sáng đẹp. Nhiều người cắt tỉa ngắn để dễ chăm sóc và vệ sinh. Đặc biệt, lông quanh mắt dễ bị ố vàng nên cần lau sạch bằng khăn ẩm hoặc dung dịch chuyên dụng.  
  
Về chế độ ăn uống, Maltese cần được cung cấp thức ăn giàu protein từ thịt gà, cá hồi hoặc cừu kết hợp với rau củ. Do kích thước nhỏ, chúng dễ bị thừa cân nếu cho ăn quá nhiều, nên cần kiểm soát khẩu phần và chia thành 2–3 bữa nhỏ mỗi ngày. Maltese khá hiếu động và thông minh, vì vậy cần được dắt đi dạo hoặc cho chơi trong nhà hằng ngày để giải phóng năng lượng và duy trì tinh thần vui vẻ.  
  
Về sức khỏe, Maltese dễ mắc bệnh răng miệng do hàm nhỏ, nên cần đánh răng định kỳ và cho nhai đồ gặm sạch răng. Ngoài ra, chúng cũng nhạy cảm với đường hô hấp và có thể gặp vấn đề về khớp xương như trật xương bánh chè. Đây là giống chó rất thân thiện, thông minh và quấn chủ, thích được ở gần người, nên không phù hợp để ở một mình quá lâu vì có thể bị lo âu chia ly. Nếu được nuôi dưỡng và chăm sóc đúng cách, Maltese sẽ là một chú chó nhỏ xinh xắn, sạch sẽ và cực kỳ tình cảm.",20 – 40 triệu VNĐ,8 – 15 triệu VNĐ,1500 – 4000 USD (cá thể có dòng dõi đẹp có thể lên tới 5000 USD),3,2,5,4,small,0.3297939894722369
3,Dog,pekinese,12 năm - 15 năm ,3.2 – 6.4 kg,15 – 23 cm,25 – 33 cm,"Pekingese là giống chó nhỏ có bộ lông dài, dày và gương mặt dẹt đặc trưng. Chính vì vậy, việc chăm sóc lông là điều quan trọng hàng đầu. Lông cần được chải chuốt hằng ngày để tránh rối và rụng nhiều, đồng thời nên tắm đều đặn bằng sữa tắm chuyên dụng để giữ lông sạch và bóng mượt. Do có nhiều nếp nhăn quanh mặt, bạn cần thường xuyên lau sạch để tránh viêm da hoặc nhiễm khuẩn.  
  
Về chế độ ăn uống, Pekingese dễ bị béo phì do tính cách ít vận động, vì vậy cần cho ăn khẩu phần hợp lý, nhiều protein từ thịt nạc (gà, cá, bò), kết hợp với rau củ quả. Nên chia thành 2–3 bữa/ngày và hạn chế thức ăn nhiều tinh bột hoặc dầu mỡ. Giống chó này không cần vận động mạnh, nhưng vẫn nên được dắt đi dạo nhẹ nhàng 20–30 phút mỗi ngày để duy trì sức khỏe và tránh thừa cân.  
  
Về sức khỏe, do cấu tạo mặt ngắn (brachycephalic), Pekingese dễ bị khó thở, đặc biệt trong môi trường nóng ẩm, nên cần giữ mát và tránh cho ra ngoài khi trời quá nóng. Chúng cũng dễ gặp bệnh về mắt (khô mắt, viêm giác mạc) và cột sống (do thân dài). Ngoài ra, giống chó này rất gắn bó với chủ, thông minh nhưng có chút bướng bỉnh, vì vậy cần huấn luyện kiên nhẫn và xã hội hóa từ sớm để sống hòa thuận với trẻ em và thú cưng khác.  
  
Nếu được nuôi dưỡng và chăm sóc chu đáo, Pekingese sẽ trở thành một người bạn nhỏ trung thành, điềm tĩnh và giàu tình cảm, đúng như hình ảnh ""chó quý tộc cung đình"" trong lịch sử Trung Hoa.",15 – 30 triệu VNĐ,7 – 12 triệu VNĐ,1500 – 3000 USD (cá thể có huyết thống cao cấp có thể đạt 5000 USD),2,2,5,3,small,0.35195787812662
4,Dog,shih_tzu,10 năm - 16 năm ,4 – 8 kg,20 – 27 cm,28 – 34 cm,"Shih Tzu nổi bật với bộ lông dài, mượt và gương mặt tròn dễ thương. Bộ lông của chúng cần được chăm sóc kỹ lưỡng: chải chuốt hằng ngày để tránh rối, tắm thường xuyên và có thể cắt tỉa ngắn để dễ vệ sinh và thoải mái hơn trong khí hậu nóng ẩm như Việt Nam. Lông quanh mắt nên được lau sạch thường xuyên vì dễ bị ố vàng và gây viêm nhiễm nếu không được chăm sóc kỹ.  
  
Về chế độ ăn uống, Shih Tzu có thể trạng nhỏ, không cần ăn quá nhiều nhưng cần khẩu phần giàu protein (thịt gà, cá hồi, cừu) kết hợp với rau củ quả. Nên chia thành 2–3 bữa/ngày, hạn chế thức ăn dầu mỡ và đồ ăn của người. Do dễ béo phì, cần kiểm soát lượng thức ăn và tăng cường vận động hợp lý.  
  
Shih Tzu không đòi hỏi vận động mạnh, chỉ cần dắt đi dạo 20–30 phút/ngày hoặc cho chơi trong nhà là đủ. Tuy nhiên, vì cấu tạo mặt ngắn (brachycephalic), chúng dễ bị khó thở trong môi trường nóng, nên tránh cho ra ngoài khi trời quá oi bức. Ngoài ra, giống chó này dễ mắc bệnh răng miệng và mắt, do đó cần vệ sinh răng định kỳ và kiểm tra mắt thường xuyên.  
  
Tính cách Shih Tzu rất thân thiện, hiền lành và tình cảm, phù hợp với gia đình có trẻ nhỏ hoặc người lớn tuổi. Chúng ít sủa hơn Chihuahua hay Pekingese, khá dễ huấn luyện và thích ở gần chủ. Nếu được chăm sóc tốt, Shih Tzu sẽ là một người bạn nhỏ trung thành, hiền hòa và rất gắn bó với gia đình.",15 – 30 triệu VNĐ,6 – 12 triệu VNĐ,1000 – 2500 USD (cá thể có gia phả xuất sắc có thể đạt 5000 USD),2,2,5,5,small,0.4146819518168486
5,Dog,blenheim_spaniel,9 năm - 14 năm ,5.9 – 8.2 kg,30 – 33 cm,45 – 53 cm,"Cavalier King Charles Spaniel, đặc biệt với màu Blenheim, nổi bật bởi vẻ ngoài sang trọng, đôi mắt to tròn và tính cách hiền hòa. Bộ lông dài, mượt và hơi gợn sóng cần được chải 2–3 lần mỗi tuần để tránh rối, đồng thời nên tắm định kỳ để giữ lông sạch và bóng. Lông quanh tai và chân có xu hướng dễ rối và bẩn, nên chú ý vệ sinh kỹ.  
  
Về chế độ ăn uống, giống chó này cần khẩu phần giàu protein từ thịt gà, cá, thịt bò kết hợp với rau củ để cân bằng dinh dưỡng. Do có xu hướng dễ béo phì, cần kiểm soát lượng thức ăn, tránh cho ăn quá nhiều đồ ăn vặt hoặc thức ăn của người. Nên chia khẩu phần thành 2–3 bữa/ngày và kết hợp cùng việc vận động hằng ngày.  
  
Giống chó này khá năng động nhưng không đòi hỏi vận động mạnh như các giống chó săn khác. Dắt đi dạo khoảng 30 phút/ngày hoặc chơi đùa trong sân vườn là đủ để giúp chúng duy trì thể lực và tinh thần. Tuy nhiên, Cavalier King Charles Spaniel có thể gặp một số vấn đề sức khỏe di truyền, đặc biệt là bệnh tim (hẹp van hai lá), bệnh mắt và trật xương bánh chè. Vì vậy, việc kiểm tra thú y định kỳ là rất quan trọng.  
  
Về tính cách, Blenheim Spaniel hiền lành, thân thiện và cực kỳ tình cảm. Chúng thích ở gần người, hòa đồng với trẻ nhỏ và vật nuôi khác, phù hợp làm chó đồng hành trong gia đình. Tuy nhiên, chúng không thích bị bỏ lại một mình quá lâu vì dễ lo âu chia ly. Nếu được nuôi dưỡng và quan tâm đúng cách, Blenheim Spaniel sẽ là một chú chó nhỏ trung thành, thân thiện và đầy yêu thương.",25 – 40 triệu VNĐ,12 – 20 triệu VNĐ,2000 – 4000 USD (cá thể có gia phả nổi bật có thể trên 5000 USD),3,2,4,5,small,0.5696352635873144
6,Dog,papillon,12 năm - 16 năm ,3 – 5 kg,20 – 28 cm,28 – 36 cm,"Papillon có ngoại hình thanh thoát, đặc trưng với đôi tai dựng to và xòe ra như cánh bướm. Đây là giống chó nhỏ nhưng năng động, thông minh và rất thích vận động. Vì vậy, cần cho Papillon tham gia các hoạt động thường xuyên như đi dạo, chơi đồ chơi tương tác hoặc tham gia huấn luyện agility. Chúng cần ít nhất 30 phút vận động mỗi ngày để tránh buồn chán và phá phách.  
  
Bộ lông Papillon mượt, dài vừa phải và không có lớp lông lót dày, nên việc chăm sóc lông khá dễ dàng. Chỉ cần chải 2–3 lần/tuần để giữ lông suôn mượt và hạn chế rối, không cần tắm quá thường xuyên, khoảng 3–4 tuần/lần là đủ. Lông ở tai và đuôi thường dài và đẹp, nên được giữ sạch để tránh bẩn và hư tổn.  
  
Về chế độ ăn, Papillon cần thức ăn giàu đạm, ít béo, kết hợp rau củ quả để hỗ trợ tiêu hóa. Do kích thước nhỏ, khẩu phần ăn không cần quá nhiều nhưng phải đảm bảo chất lượng. Nên chia thành 2–3 bữa nhỏ/ngày, tránh thức ăn dầu mỡ hoặc nhiều tinh bột vì dễ dẫn tới béo phì.  
  
Papillon có sức khỏe khá tốt nhưng cũng có một số nguy cơ như trật xương bánh chè, vấn đề về răng miệng (hàm nhỏ dễ tích tụ cao răng) và bệnh tim bẩm sinh. Cần vệ sinh răng định kỳ, hạn chế để chúng nhảy từ chỗ cao xuống và đưa đi khám thú y thường xuyên. Về tính cách, Papillon rất thông minh, dễ huấn luyện và ham học hỏi, thích hợp với người mới nuôi nhưng cũng cần chủ năng động. Đây là một giống chó nhỏ duyên dáng, thông minh và trung thành, luôn sẵn sàng trở thành bạn đồng hành vui vẻ cho gia đình.",18 – 35 triệu VNĐ,8 – 15 triệu VNĐ,1500 – 3500 USD (cá thể có gia phả đẹp có thể lên tới 5000 USD),4,2,2,4,small,0.3828177543283577
7,Dog,toy_terrier,12 năm - 15 năm ,2.7 – 3.6 kg,25 – 30 cm,35 – 42 cm,"Toy Terrier có kích thước nhỏ bé, cơ thể săn chắc và tính cách hoạt bát. Do vóc dáng nhỏ, chúng không cần vận động quá nhiều, nhưng vẫn rất hiếu động và thích chơi đùa. Mỗi ngày, nên cho chúng đi dạo ngắn 20–30 phút hoặc chơi với đồ chơi trong nhà để giải phóng năng lượng. Giống chó này thông minh và nhanh nhẹn, vì vậy cũng dễ huấn luyện cơ bản nếu kiên nhẫn và nhất quán.  
  
Bộ lông của Toy Terrier thường ngắn, mượt nên rất dễ chăm sóc, chỉ cần chải 1–2 lần/tuần và tắm khoảng 3–4 tuần/lần. Do cơ thể nhỏ và ít mỡ, chúng khá nhạy cảm với thời tiết lạnh, vì vậy cần giữ ấm bằng áo khi ra ngoài trời lạnh.  
  
Về chế độ ăn, Toy Terrier có dạ dày nhỏ, nên cần chia thành nhiều bữa nhỏ (2–3 bữa/ngày) với khẩu phần giàu protein, ít béo. Cần tránh thức ăn quá nhiều dầu mỡ hoặc gia vị, cũng như đồ ăn của người. Ngoài ra, vì giống chó này dễ mắc bệnh răng miệng, cần vệ sinh răng thường xuyên hoặc cho nhai đồ gặm làm sạch răng.  
  
Về sức khỏe, Toy Terrier nhìn chung khỏe mạnh, nhưng có thể gặp một số vấn đề như trật xương bánh chè, bệnh về mắt, và hạ đường huyết (giống như Chihuahua). Đây là giống chó tình cảm, gắn bó với chủ, nhưng có thể hơi nhạy cảm và cảnh giác với người lạ, nên cần xã hội hóa từ nhỏ. Nếu được nuôi dưỡng tốt, Toy Terrier sẽ là một chú chó nhỏ trung thành, thông minh và cực kỳ năng động.",15 – 30 triệu VNĐ,6 – 12 triệu VNĐ,1000 – 2500 USD (những cá thể có gia phả tốt có thể đạt 4000 USD),3,1,1,3,small,0.4184470249397937
8,Dog,rhodesian_ridgeback,10 năm - 12 năm ,32 – 37 kg,61 – 69 cm,85 – 95 cm,"Rhodesian Ridgeback là giống chó săn dũng mãnh, khỏe mạnh và thông minh, vốn nổi tiếng ở châu Phi với khả năng đối đầu cả sư tử. Vì vậy, chúng cần một chế độ vận động cường độ cao hằng ngày. Chủ nuôi phải cho Ridgeback chạy bộ, kéo tạ nhẹ, hoặc tham gia các trò chơi vận động mạnh ít nhất 1 – 2 giờ mỗi ngày. Nếu nuôi trong môi trường chật hẹp và ít vận động, chúng dễ trở nên bồn chồn và phá phách.  
  
Về chế độ ăn uống, Ridgeback cần khẩu phần giàu đạm và năng lượng từ thịt bò, gà, cá, trứng, kết hợp rau củ và ngũ cốc để đảm bảo sức bền. Không nên cho ăn quá nhiều tinh bột hoặc thức ăn nhiều dầu mỡ vì dễ gây béo phì. Giống chó này khá khỏe mạnh, ít bệnh di truyền, nhưng có thể gặp các vấn đề về khớp (loạn sản xương hông, khuỷu) hoặc bệnh da, vì vậy cần kiểm tra định kỳ.  
  
Ridgeback là giống chó trung thành, nhưng cũng độc lập và có phần bướng bỉnh. Việc huấn luyện cần kiên nhẫn, áp dụng các phương pháp dứt khoát nhưng không bạo lực. Chúng bảo vệ gia đình rất tốt, thường có tính cảnh giác cao, nhưng cần được xã hội hóa từ nhỏ để không trở nên quá hung dữ. Ridgeback phù hợp với người nuôi có kinh nghiệm và không phải là lựa chọn lý tưởng cho người mới bắt đầu nuôi chó.",25 – 40 triệu VNĐ,15 – 25 triệu VNĐ,2500 – 5000 USD,5,4,2,3,large,1.5213858461383958
9,Dog,afghan_hound,12 năm - 14 năm ,20 – 27 kg,61 – 74 cm,85 – 95 cm,"Afghan Hound là giống chó quý tộc đến từ Trung Á, nổi bật với bộ lông dài, mượt mà và dáng vẻ thanh thoát. Chúng cần được chăm sóc lông hằng ngày bằng việc chải chuốt để tránh rối và rụng lông quá nhiều. Ngoài ra, cứ khoảng 1–2 tuần bạn nên tắm cho chúng bằng dầu gội chuyên dụng cho chó lông dài, sau đó sấy khô kỹ càng để giữ bộ lông óng ả. Đây là công việc tốn nhiều thời gian nên người nuôi cần kiên nhẫn và có điều kiện chăm sóc.  
  
Về chế độ ăn, Afghan Hound cần nguồn dinh dưỡng cân đối, đặc biệt là protein từ thịt gà, bò, cá để duy trì cơ bắp và năng lượng, kết hợp rau củ quả để hỗ trợ tiêu hóa. Do có dạ dày khá nhạy cảm, bạn nên chia khẩu phần ăn thành nhiều bữa nhỏ trong ngày, hạn chế cho ăn thức ăn nhiều dầu mỡ hoặc gia vị.  
  
Afghan Hound là giống chó săn nhanh nhẹn, vì vậy chúng cần nhiều vận động. Bạn nên cho chúng chạy bộ, chơi kéo co hoặc tham gia các hoạt động ngoài trời ít nhất 1–2 giờ mỗi ngày. Nếu bị nhốt trong nhà quá lâu, chúng dễ trở nên buồn chán hoặc stress.  
  
Về tính cách, Afghan Hound độc lập, đôi khi khá “kiêu kỳ” và khó huấn luyện so với các giống chó khác. Tuy nhiên, chúng cũng rất trung thành và tình cảm với chủ nhân. Việc huấn luyện cần kiên nhẫn, nhẹ nhàng nhưng kiên định, và nên bắt đầu từ khi còn nhỏ để tạo thói quen tốt. Với ngoại hình sang trọng và tính cách độc đáo, Afghan Hound thường được xem như một giống chó “nghệ sĩ” dành cho những người nuôi yêu cái đẹp và có nhiều thời gian chăm sóc.",30 – 50 triệu VNĐ,20 – 30 triệu VNĐ,3000 – 6000 USD,5,4,5,2,large,1.3197434077840011
10,Dog,basset,10 năm - 12 năm ,18 – 29 kg,28 – 38 cm,75 – 95 cm,"Basset Hound là giống chó săn mùi có thân dài, chân ngắn và đôi tai rủ đặc trưng. Chúng vốn hiền lành, thân thiện và rất gắn bó với gia đình. Việc chăm sóc Basset không quá phức tạp nhưng đòi hỏi sự kiên nhẫn. Về vận động, Basset không cần chạy nhảy quá nhiều, chỉ cần dắt đi dạo đều đặn và cho tham gia các trò chơi đánh hơi là đã đủ để duy trì sức khỏe và sự linh hoạt. Tuy nhiên, do thân dài – chân ngắn, bạn cần hạn chế cho chúng leo cầu thang hoặc nhảy từ trên cao xuống vì dễ gây vấn đề về xương khớp và cột sống.  
  
Trong chế độ ăn uống, Basset Hound khá tham ăn, dễ bị béo phì nếu không kiểm soát khẩu phần. Nên cho ăn khẩu phần vừa đủ, giàu đạm từ thịt nạc, cá, trứng, kết hợp rau củ để hỗ trợ tiêu hóa. Hạn chế các loại thức ăn nhiều tinh bột, dầu mỡ, và nên chia nhỏ bữa thay vì cho ăn quá nhiều một lúc để tránh đầy hơi.  
  
Về chăm sóc sức khỏe, Basset dễ gặp các vấn đề về tai vì tai dài và rủ sát đất, rất dễ bám bụi và vi khuẩn. Chủ nuôi cần vệ sinh tai hằng tuần và giữ tai luôn khô thoáng để tránh viêm nhiễm. Ngoài ra, bạn cũng nên vệ sinh mắt thường xuyên vì Basset dễ bị chảy nước mắt và nhiễm trùng mắt.  
  
Tính cách của Basset Hound hiền lành, điềm tĩnh, yêu trẻ con và thường hòa đồng với các loài vật khác. Tuy nhiên, chúng khá bướng bỉnh trong huấn luyện do bản năng săn mùi mạnh, hay bị “xao nhãng” bởi mùi hương xung quanh. Do đó, việc huấn luyện cần kiên nhẫn, dùng phần thưởng để tạo động lực. Với dáng vẻ ngộ nghĩnh, đôi mắt buồn và tính cách thân thiện, Basset Hound rất phù hợp làm thú cưng trong gia đình.",20 – 35 triệu VNĐ,12 – 20 triệu VNĐ,1500 – 3000 USD,2,3,4,5,medium,1.0678650886677985
11,Dog,beagle,12 năm - 15 năm ,9 – 12 kg,33 – 40 cm,33 – 40 cm,"Beagle là giống chó săn mùi nhỏ gọn, năng động và cực kỳ tinh nghịch. Chúng có tính tò mò bẩm sinh, luôn muốn khám phá xung quanh và thường “cắm đầu” theo dấu vết mùi hương. Vì vậy, việc dắt Beagle đi dạo hằng ngày là bắt buộc, kèm theo các hoạt động thể chất như chạy nhảy, chơi ném bóng, kéo co để giải phóng năng lượng. Nếu bị nhốt quá lâu, Beagle dễ sinh buồn chán, dẫn đến cắn phá đồ đạc.  
  
Về chế độ ăn, Beagle khá tham ăn và dễ tăng cân. Bạn cần kiểm soát khẩu phần ăn, ưu tiên thực phẩm giàu protein từ thịt, cá, trứng, kèm theo rau củ và ngũ cốc nguyên hạt để hỗ trợ tiêu hóa. Nên chia nhỏ khẩu phần 2–3 bữa/ngày thay vì cho ăn quá nhiều một lần. Tránh cho ăn thức ăn nhiều dầu mỡ, xương nhỏ hoặc đồ ngọt.  
  
Trong chăm sóc sức khỏe, Beagle là giống chó khỏe mạnh, ít bệnh di truyền, nhưng có thể gặp các vấn đề về béo phì, viêm tai do tai dài và dễ bám bụi, cùng với bệnh về mắt (glaucoma, loạn sản võng mạc). Bạn nên vệ sinh tai định kỳ, lau mắt thường xuyên và cho đi kiểm tra thú y hằng năm.  
  
Về tính cách, Beagle thông minh, vui vẻ và hòa đồng với trẻ em cũng như các vật nuôi khác. Tuy nhiên, chúng có phần bướng bỉnh, khó huấn luyện do bản năng săn mùi mạnh khiến chúng dễ mất tập trung. Để huấn luyện hiệu quả, cần áp dụng phương pháp tích cực dựa trên phần thưởng (bánh thưởng, đồ chơi). Beagle rất thích có bạn đồng hành, vì vậy nếu gia đình bạn có nhiều người hoặc có nuôi thêm thú cưng khác, chúng sẽ sống hạnh phúc hơn.",15 – 25 triệu VNĐ,8 – 15 triệu VNĐ,1200 – 2500 USD,4,4,3,2,small,0.6151397262033341
12,Dog,bloodhound,10 năm - 12 năm ,36 – 50 kg,58 – 69 cm,95 – 110 cm,"Bloodhound được mệnh danh là “vua săn mùi” với khả năng đánh hơi tuyệt vời, thường được sử dụng trong công tác truy tìm tội phạm hoặc cứu hộ. Chúng là giống chó to lớn, cơ bắp khỏe mạnh, da chùng và có đôi tai dài rủ đặc trưng. Vì kích thước lớn và nhu cầu vận động cao, Bloodhound cần được đi dạo dài hoặc chạy bộ ít nhất 1 – 2 giờ mỗi ngày. Nếu không vận động đầy đủ, chúng dễ bị stress và phá phách.  
  
Về dinh dưỡng, Bloodhound cần khẩu phần ăn nhiều đạm và chất béo tốt từ thịt bò, gà, cá, trứng để duy trì cơ bắp và năng lượng. Kết hợp thêm rau củ, ngũ cốc nguyên hạt để hỗ trợ hệ tiêu hóa. Do giống chó này dễ bị đầy hơi (bloating), bạn nên chia nhỏ bữa ăn thay vì cho ăn quá nhiều một lúc, đồng thời hạn chế cho vận động mạnh ngay sau khi ăn.  
  
Chăm sóc sức khỏe cho Bloodhound cần đặc biệt chú ý đến tai và mắt. Đôi tai dài dễ tích tụ bụi bẩn và ẩm, dễ dẫn đến viêm tai nếu không vệ sinh thường xuyên. Mắt của chúng cũng dễ bị chảy nước mắt, viêm nhiễm, cần được lau rửa định kỳ. Ngoài ra, Bloodhound có nguy cơ mắc bệnh loạn sản xương hông và các vấn đề về khớp do trọng lượng lớn, vì vậy cần cho vận động điều độ và không để chúng béo phì.  
  
Về tính cách, Bloodhound hiền lành, thân thiện, thường hòa đồng với trẻ em và các loài vật khác. Tuy nhiên, chúng có tính độc lập cao, rất bướng bỉnh và thường chỉ tập trung vào mùi hương khi đã đánh hơi thấy. Điều này khiến việc huấn luyện Bloodhound khá khó khăn, đòi hỏi sự kiên nhẫn, nhất quán và phải áp dụng các phương pháp tích cực. Nếu được nuôi dưỡng đúng cách, Bloodhound sẽ trở thành người bạn đồng hành trung thành, vừa là thú cưng gia đình, vừa có thể hỗ trợ trong công việc tìm kiếm.",25 – 40 triệu VNĐ,15 – 25 triệu VNĐ,1800 – 3500 USD,5,5,3,5,large,1.7362695417989404
13,Dog,bluetick,11 năm - 12 năm,20 – 36 kg,51 – 69 cm,85 – 105 cm,"Bluetick Coonhound là giống chó săn mùi nổi tiếng ở Mỹ, đặc trưng với bộ lông loang xanh đen và sự dẻo dai trong săn bắn. Chúng tràn đầy năng lượng, cần vận động nhiều hơn mức trung bình so với các giống chó cảnh khác. Mỗi ngày, bạn nên cho Bluetick chạy bộ, đi dạo đường dài hoặc tham gia trò chơi đánh hơi ít nhất 1 – 2 giờ. Nếu không được giải phóng năng lượng, chúng có thể trở nên bồn chồn, hú hoặc cắn phá đồ đạc.  
  
Trong chế độ ăn, Bluetick cần khẩu phần giàu protein để duy trì sức mạnh cơ bắp, kết hợp rau củ và ngũ cốc nguyên hạt để hỗ trợ tiêu hóa. Do là giống chó săn, chúng dễ tăng cân nếu ăn nhiều nhưng ít vận động, vì vậy bạn nên kiểm soát khẩu phần và hạn chế thức ăn nhiều tinh bột hoặc chất béo. Ngoài ra, nên chia bữa ăn thành 2 – 3 lần trong ngày để giảm nguy cơ đầy hơi.  
  
Về chăm sóc sức khỏe, Bluetick nhìn chung khá khỏe mạnh nhưng dễ gặp một số vấn đề như viêm tai (do tai dài và rủ), béo phì và bệnh về xương khớp nếu không vận động đủ. Bạn nên vệ sinh tai hằng tuần, kiểm tra mắt thường xuyên và đưa đi khám thú y định kỳ để phòng bệnh di truyền.  
  
Về tính cách, Bluetick Coonhound thông minh, can đảm, trung thành và có bản năng săn mùi cực mạnh. Tuy nhiên, chúng cũng bướng bỉnh và độc lập, dễ bị “xao nhãng” bởi mùi hương xung quanh, nên việc huấn luyện cần sự kiên nhẫn và nhất quán. Đây là giống chó thích hú, sủa khi phát hiện mùi hoặc muốn giao tiếp, nên không quá phù hợp với môi trường căn hộ chật hẹp. Nếu bạn là người yêu thích vận động ngoài trời, thích đi dã ngoại hoặc chạy bộ, Bluetick Coonhound sẽ là người bạn đồng hành tuyệt vời.",18 – 30 triệu VNĐ,10 – 18 triệu VNĐ,1200 – 2500 USD,5,4,2,3,large,1.3816436043552804
14,Dog,black_and_tan_coonhound,10 năm - 12 năm ,29 – 41 kg,58 – 69 cm,90 – 105 cm,"Black and Tan Coonhound là giống chó săn Mỹ truyền thống, nổi bật với bộ lông đen tuyền có mảng nâu đỏ ở chân và mặt. Chúng sở hữu khứu giác cực kỳ nhạy bén, có thể lần theo dấu vết nhiều ngày, vì vậy nhu cầu vận động của chúng rất cao. Bạn nên cho chúng đi dạo dài, chạy bộ hoặc tham gia các trò chơi truy tìm mùi ít nhất 1 – 2 giờ/ngày. Nếu sống trong môi trường chật hẹp và ít vận động, chúng dễ trở nên buồn chán, hú hoặc cắn phá đồ đạc.  
  
Chế độ ăn của Black and Tan Coonhound cần giàu protein từ thịt nạc, cá, trứng, bổ sung rau củ và ngũ cốc nguyên hạt để cân bằng dinh dưỡng. Do có nguy cơ béo phì nếu ăn nhiều mà không vận động, bạn nên kiểm soát khẩu phần, chia thành 2 – 3 bữa/ngày và hạn chế thức ăn nhiều dầu mỡ.  
  
Về sức khỏe, đây là giống chó khỏe mạnh nhưng dễ gặp một số vấn đề như viêm tai (tai dài dễ ẩm và bám bụi), loạn sản xương hông, bệnh về mắt và béo phì. Việc vệ sinh tai hằng tuần, kiểm tra mắt thường xuyên và cho đi khám thú y định kỳ là cần thiết để phòng ngừa.  
  
Tính cách của Black and Tan Coonhound khá hiền lành, trung thành, thân thiện với trẻ em và thường hòa đồng với vật nuôi khác. Tuy nhiên, chúng có bản năng săn mùi mạnh, thường hú hoặc sủa khi đánh hơi thấy điều gì đó, nên không quá phù hợp với môi trường căn hộ yên tĩnh. Trong huấn luyện, chúng hơi bướng bỉnh và độc lập, nên cần phương pháp kiên nhẫn, dùng phần thưởng để khuyến khích. Nếu được chăm sóc đúng cách, đây là người bạn đồng hành lý tưởng cho những ai yêu thích dã ngoại, đi săn hay vận động ngoài trời.",18 – 30 triệu VNĐ,10 – 18 triệu VNĐ,1200 – 2500 USD,1,1,3,2,large,1.5550518201810033
15,Dog,walker_hound,12 năm - 13 năm ,20 – 32 kg,49 – 69 cm,85 – 105 cm,"Treeing Walker Coonhound, thường được gọi ngắn gọn là Walker Hound, là giống chó săn Mỹ rất nổi tiếng với khả năng truy dấu nhanh và dai sức. Chúng thường được nuôi để săn thú nhỏ như sóc, gấu mèo và thậm chí cả hươu. Đặc điểm nổi bật của Walker Hound là sự nhanh nhẹn, sức bền và bản năng săn mồi mạnh mẽ. Vì thế, việc chăm sóc chúng đòi hỏi một chế độ vận động dày đặc: mỗi ngày cần ít nhất 1 – 2 giờ chạy bộ, đi dạo dài hoặc tham gia các trò chơi đánh hơi. Nếu bị nhốt trong nhà quá lâu, chúng dễ trở nên bồn chồn, hú, hoặc phá phách.  
  
Trong chế độ ăn, Walker Hound cần nhiều protein để duy trì cơ bắp, kết hợp chất béo tốt để cung cấp năng lượng cho hoạt động săn mồi. Khẩu phần nên gồm thịt gà, bò, cá, trứng, kết hợp rau củ và ngũ cốc nguyên hạt để cân bằng dinh dưỡng. Do có nguy cơ đầy hơi (bloating), bạn nên chia bữa thành 2 – 3 lần/ngày thay vì cho ăn một bữa lớn.  
  
Về sức khỏe, Walker Hound nhìn chung khỏe mạnh, ít bệnh di truyền nặng. Tuy vậy, chúng có thể gặp một số vấn đề thường thấy ở chó săn mùi như viêm tai (tai dài dễ bẩn và ẩm), bệnh về khớp do vận động nhiều, và béo phì nếu không kiểm soát khẩu phần. Bạn nên vệ sinh tai hằng tuần, kiểm tra mắt định kỳ và duy trì cân nặng ổn định để giảm áp lực lên khớp.  
  
Về tính cách, Walker Hound thông minh, trung thành, thân thiện với gia đình và thường hòa đồng với trẻ em. Tuy nhiên, chúng có tính độc lập cao và bản năng săn mùi rất mạnh, đôi khi khiến chúng “phớt lờ” lệnh gọi khi đang theo dấu vết. Việc huấn luyện đòi hỏi kiên nhẫn, dùng phần thưởng tích cực và bắt đầu từ khi còn nhỏ. Do hay hú và sủa lớn khi đánh hơi thấy dấu vết, Walker Hound không thực sự phù hợp với môi trường căn hộ đông đúc. Ngược lại, chúng sẽ là bạn đồng hành tuyệt vời cho những ai yêu thích không gian rộng rãi và các hoạt động ngoài trời.",15 – 25 triệu VNĐ,8 – 15 triệu VNĐ,1000 – 2000 USD,5,5,2,4,large,1.3353097036229835
16,Dog,english_foxhound,10 năm - 13 năm ,29 – 34 kg,58 – 64 cm,90 – 105 cm,"English Foxhound là giống chó săn truyền thống của Anh, nổi tiếng với sức bền phi thường, thường được dùng để săn cáo theo bầy đàn. Chúng có thân hình săn chắc, tính cách mạnh mẽ và nguồn năng lượng dồi dào, vì vậy chăm sóc giống chó này đòi hỏi môi trường rộng rãi và nhiều hoạt động thể chất. Chủ nuôi nên cho chúng chạy bộ, đi dạo đường dài hoặc chơi các trò chơi vận động ít nhất 2 giờ/ngày. Nếu nuôi trong căn hộ chật hẹp, English Foxhound dễ bị stress, hú, hoặc có hành vi phá phách.  
  
Trong chế độ ăn, chúng cần khẩu phần giàu protein từ thịt gà, bò, cá, kèm theo rau củ và ngũ cốc nguyên hạt để duy trì sức khỏe và sức bền. Do bản tính săn mồi, chúng tiêu hao nhiều năng lượng nên cần cung cấp đầy đủ calo, nhưng cũng phải tránh để béo phì bằng cách cân đối lượng ăn với vận động. Tốt nhất, nên chia khẩu phần thành 2 – 3 bữa/ngày để hệ tiêu hóa hoạt động ổn định.  
  
Về sức khỏe, English Foxhound nhìn chung khỏe mạnh, ít bệnh di truyền nghiêm trọng. Tuy vậy, chúng có thể gặp một số vấn đề như loạn sản xương hông, đau khớp do vận động cường độ cao, hoặc viêm tai vì tai rủ xuống dễ ẩm. Cần vệ sinh tai hằng tuần, kiểm tra mắt định kỳ và giữ cân nặng ổn định để giảm áp lực lên khớp.  
  
Tính cách của English Foxhound thân thiện, hòa đồng và thường sống tốt trong đàn hoặc gia đình có nhiều thú cưng khác. Tuy nhiên, chúng độc lập và có bản năng săn mùi rất mạnh, đôi khi khiến việc huấn luyện gặp khó khăn. Để huấn luyện hiệu quả, cần kiên nhẫn, áp dụng phương pháp tích cực và cho chúng xã hội hóa sớm. English Foxhound không phù hợp với người mới nuôi chó lần đầu hoặc gia đình bận rộn, mà thích hợp hơn với những ai có nhiều thời gian, yêu thích vận động và có không gian sống rộng rãi.",20 – 35 triệu VNĐ,12 – 20 triệu VNĐ,1500 – 3000 USD,5,5,2,4,large,1.468980554930118
17,Dog,redbone,12 năm - 14 năm ,20 – 32 kg,53 – 69 cm,85 – 105 cm,"Redbone Coonhound là giống chó săn có nguồn gốc từ Mỹ, nổi bật với bộ lông đỏ đồng óng ả và vóc dáng cân đối. Chúng rất nhanh nhẹn, dẻo dai và có bản năng săn mùi mạnh mẽ, thường được dùng để săn thú nhỏ như gấu mèo, sóc và thậm chí cả thú lớn. Vì vậy, Redbone cần vận động thường xuyên, ít nhất 1 – 2 giờ/ngày với các hoạt động như đi bộ đường dài, chạy bộ hoặc tham gia trò chơi đánh hơi. Nếu bị giam trong nhà quá lâu, chúng dễ buồn chán và trở nên phá phách.  
  
Trong chế độ ăn, Redbone cần khẩu phần giàu protein để duy trì cơ bắp khỏe mạnh và cung cấp năng lượng. Thịt gà, bò, cá, trứng kết hợp cùng rau củ, ngũ cốc nguyên hạt sẽ giúp cân bằng dinh dưỡng. Do có nguy cơ béo phì nếu ăn nhiều mà không vận động đủ, bạn nên kiểm soát khẩu phần ăn, chia làm 2 – 3 bữa nhỏ trong ngày, đồng thời tránh cho ăn quá nhiều thức ăn chứa tinh bột hoặc chất béo xấu.  
  
Về sức khỏe, Redbone Coonhound nhìn chung khỏe mạnh nhưng có thể gặp một số vấn đề về xương khớp như loạn sản hông hoặc khớp, cùng với bệnh về tai do tai dài dễ bẩn. Chủ nuôi cần vệ sinh tai hằng tuần, kiểm tra mắt định kỳ và giữ cân nặng ổn định để giảm áp lực cho hệ xương khớp.  
  
Tính cách của Redbone Coonhound rất thân thiện, trung thành và hòa đồng với trẻ em cũng như các vật nuôi khác. Tuy nhiên, chúng độc lập và bướng bỉnh, nhất là khi đánh hơi thấy mùi lạ, nên huấn luyện cần kiên nhẫn và nhất quán, kết hợp phần thưởng để khuyến khích. Đây là giống chó phù hợp với những người yêu thích hoạt động ngoài trời, thích chạy bộ, leo núi và có không gian sống rộng rãi. Với ngoại hình đẹp và tính cách dễ gần, Redbone vừa là bạn đồng hành săn mồi, vừa là thú cưng tình cảm trong gia đình.",15 – 25 triệu VNĐ,8 – 15 triệu VNĐ,1200 – 2500 USD,5,5,2,5,large,1.348608207541293
18,Dog,borzoi,9 năm - 14 năm ,25 – 47 kg,68 – 85 cm,90 – 110 cm,"Borzoi là giống chó săn quý tộc nổi tiếng của Nga, có ngoại hình thanh thoát, dáng vẻ sang trọng và tính cách điềm tĩnh. Chúng cần một không gian rộng rãi để vận động, vì bản chất là chó săn tốc độ. Nếu nuôi ở thành phố, bạn cần cho Borzoi đi dạo dài hoặc chạy tự do ở khu vực an toàn ít nhất 1 – 2 giờ mỗi ngày để giải tỏa năng lượng.  
  
Bộ lông dài, mượt và dày của Borzoi cần được chải chuốt thường xuyên, ít nhất 2 – 3 lần/tuần để tránh rối và giữ vẻ ngoài óng ả. Ngoài ra, cần tắm rửa định kỳ bằng sữa tắm chuyên dụng cho chó lông dài. Về dinh dưỡng, Borzoi cần chế độ ăn giàu protein từ thịt nạc, cá, trứng và kết hợp rau củ quả để cân bằng. Không nên cho ăn quá nhiều tinh bột vì dễ gây béo phì.  
  
Giống chó này khá nhạy cảm và tình cảm, thường gắn bó sâu sắc với chủ nhưng lại độc lập với người lạ. Bạn nên dành thời gian huấn luyện và xã hội hóa từ sớm để tránh tính cách quá nhút nhát hoặc thờ ơ. Ngoài ra, Borzoi cũng dễ mắc một số bệnh di truyền như loạn sản xương hông, bệnh tim hoặc các vấn đề về tiêu hóa, vì vậy cần đưa đi khám thú y định kỳ.",30 – 60 triệu VNĐ,15 – 25 triệu VNĐ,2000 – 5000 USD,4,5,4,3,large,1.6725739832992683
19,Dog,irish_wolfhound,6 năm - 10 năm ,40 – 69 kg,71 – 90 cm,105 – 125 cm,"Irish Wolfhound là giống chó săn cổ xưa nhất của Ireland, được mệnh danh là ""người khổng lồ hiền lành"". Dù kích thước rất lớn, tính cách của chúng lại điềm đạm, thân thiện và gắn bó với con người. Chúng rất hợp với môi trường gia đình, đặc biệt là những nơi có sân vườn rộng rãi. Vì bản năng săn mồi vẫn còn, bạn nên huấn luyện từ nhỏ và cho vận động ngoài trời thường xuyên để duy trì sức khỏe và kiểm soát hành vi.  
  
Về dinh dưỡng, Irish Wolfhound cần chế độ ăn nhiều protein và canxi để hỗ trợ xương khớp và cơ bắp, đặc biệt trong giai đoạn phát triển nhanh từ 6 – 18 tháng tuổi. Nên chia thành nhiều bữa nhỏ trong ngày thay vì cho ăn quá nhiều một lúc, vì giống chó này dễ bị xoắn dạ dày – một căn bệnh nguy hiểm ở chó lớn.  
  
Bộ lông của Irish Wolfhound thuộc loại lông cứng, thô, dài vừa phải nên việc chăm sóc không quá phức tạp. Bạn chỉ cần chải 1 – 2 lần/tuần để loại bỏ lông rụng và bụi bẩn. Tuy nhiên, cần chú ý đến sức khỏe vì giống chó này dễ mắc bệnh tim, loạn sản xương hông và ung thư xương. Khám thú y định kỳ và theo dõi cân nặng là điều rất quan trọng để kéo dài tuổi thọ của chúng.",50 – 80 triệu VNĐ,20 – 35 triệu VNĐ,2500 – 5500 USD (cá thể đạt chuẩn có thể lên tới 7500 USD),3,5,2,5,large,2.133691371863558
20,Dog,italian_greyhound,12 năm - 15 năm ,3 – 5 kg,32 – 38 cm,45 – 55 cm,"Italian Greyhound là phiên bản thu nhỏ của Greyhound, với vóc dáng mảnh khảnh, nhanh nhẹn và cực kỳ thanh lịch. Giống chó này nổi tiếng tình cảm, luôn quấn quýt bên chủ, thích ngồi trong lòng và rất dễ gắn bó. Tuy nhiên, chúng khá nhạy cảm với lạnh và dễ run rẩy, vì vậy cần giữ ấm vào mùa đông bằng quần áo hoặc chăn mềm.  
  
Về vận động, Italian Greyhound tuy nhỏ nhưng vẫn giữ bản năng săn mồi tốc độ, thích chạy và rượt đuổi. Bạn nên cho chúng đi dạo hàng ngày và có không gian an toàn để chạy nhảy tự do. Dù vậy, do xương mảnh mai, chúng dễ bị gãy xương nếu nhảy từ độ cao hoặc chơi đùa quá mạnh, nên cần giám sát cẩn thận.  
  
Lông của Italian Greyhound rất ngắn, mượt và dễ chăm sóc, chỉ cần lau chùi hoặc tắm định kỳ. Dinh dưỡng nên cân bằng, giàu protein từ thịt nạc, cá, trứng kết hợp rau củ, nhưng lưu ý không cho ăn quá nhiều tinh bột vì dễ gây béo phì. Ngoài ra, giống chó này dễ gặp vấn đề về răng miệng, nên tập thói quen chải răng thường xuyên và kiểm tra định kỳ.  
  
Italian Greyhound cũng khá nhạy cảm về tâm lý, dễ bị lo âu nếu ở một mình quá lâu. Đây là giống chó phù hợp với người nuôi có nhiều thời gian bên cạnh, thích nuôi chó như một ""người bạn đồng hành"" hơn là chỉ làm thú cảnh.",30 – 50 triệu VNĐ,15 – 25 triệu VNĐ,2000 – 4000 USD,4,3,1,2,small,0.5368843813703879
21,Dog,whippet,12 năm - 15 năm ,9 – 19 kg,44 – 56 cm,65 – 80 cm,"Whippet là giống chó săn tốc độ có thân hình thon gọn, dáng vẻ thanh lịch và tính cách hiền hòa. Chúng rất gắn bó với chủ, thích được nằm cuộn tròn trong chăn ấm hoặc ngồi cạnh người thân, nhưng cũng cực kỳ nhanh nhẹn khi được thả ra chạy. Vì bản năng săn mồi vẫn mạnh, Whippet thích đuổi theo các vật thể chuyển động nhanh, vì vậy bạn nên dắt chúng bằng dây khi đi dạo ở nơi công cộng và chỉ cho chạy tự do ở khu vực an toàn, có rào chắn.  
  
Whippet có bộ lông ngắn, mịn như nhung và rất dễ chăm sóc. Chúng ít rụng lông và hầu như không có mùi, chỉ cần lau chùi hoặc tắm rửa khi cần thiết. Tuy nhiên, do lông ngắn và da mỏng, chúng dễ bị lạnh, nên vào mùa đông cần mặc áo giữ ấm.  
  
Về dinh dưỡng, Whippet cần chế độ ăn giàu protein để duy trì cơ bắp, kết hợp với rau củ quả để bổ sung vitamin và chất xơ. Do khá nhạy cảm về tiêu hóa, bạn nên cho ăn thức ăn chất lượng, hạn chế đồ ăn nhiều dầu mỡ hay gia vị.  
  
Whippet là giống chó ít sủa, sống tình cảm, hiền lành, phù hợp với cả gia đình có trẻ nhỏ hoặc người lớn tuổi. Chúng ít khi hung dữ, thích được vuốt ve và sống gần gũi bên con người. Tuy nhiên, giống chó này không thích bị bỏ lại một mình quá lâu, dễ buồn bã hoặc lo âu nếu thiếu sự quan tâm.",40 – 60 triệu VNĐ,18 – 30 triệu VNĐ,2000 – 4500 USD,4,3,1,5,medium,0.9362024739875786
22,Dog,ibizan_hound,11 năm - 14 năm ,20 – 29 kg,56 – 74 cm,80 – 95 cm,"Ibizan Hound là giống chó săn cổ xưa có nguồn gốc từ quần đảo Balearic (Tây Ban Nha), nổi bật với đôi tai dựng lớn và dáng người mảnh mai thanh thoát. Chúng thông minh, nhanh nhẹn và có bản năng săn mồi mạnh, đặc biệt thích rượt đuổi. Vì vậy, bạn cần cho chúng nhiều thời gian vận động ngoài trời, bao gồm đi bộ dài, chạy hoặc chơi các trò rượt bắt trong không gian rộng có rào chắn.  
  
Giống chó này rất tình cảm, gắn bó với gia đình và hiền lành với trẻ nhỏ, nhưng đôi khi có thể hơi dè dặt với người lạ. Việc xã hội hóa sớm là cần thiết để giúp chúng tự tin và thân thiện hơn.  
  
Bộ lông của Ibizan Hound có hai loại: lông ngắn mượt và lông thô (wire-haired). Dù loại nào thì việc chăm sóc cũng khá đơn giản, chỉ cần chải vài lần/tuần và tắm khi cần. Lông ngắn ít rụng, còn lông thô thì giữ bụi bẩn tốt nên cần chải kỹ hơn. Do cơ thể mảnh mai và da mỏng, chúng nhạy cảm với lạnh, vì thế cần giữ ấm khi trời lạnh.  
  
Về dinh dưỡng, Ibizan Hound cần chế độ ăn giàu protein từ thịt nạc, cá, trứng kết hợp rau củ để bổ sung vitamin. Bạn nên chia nhỏ bữa ăn thay vì cho ăn nhiều một lần, nhằm giảm nguy cơ xoắn dạ dày – một vấn đề thường gặp ở các giống chó săn bụng sâu.  
  
Ngoài ra, Ibizan Hound là giống chó khá khỏe mạnh, ít bệnh di truyền, nhưng vẫn cần theo dõi các bệnh liên quan đến xương khớp và mắt. Khám thú y định kỳ và duy trì cân nặng hợp lý là cách để chúng sống khỏe mạnh và lâu dài.",40 – 70 triệu VNĐ,18 – 30 triệu VNĐ,2000 – 5000 USD,5,5,2,4,large,1.311723039010001
23,Dog,norwegian_elkhound,12 năm - 15 năm ,20 – 25 kg,48 – 52 cm,65 – 75 cm,"Norwegian Elkhound là giống chó săn lâu đời của Bắc Âu, được sử dụng để săn nai sừng tấm, gấu và các loài thú lớn khác. Chúng nổi bật với thân hình chắc khỏe, bộ lông kép dày chống chịu thời tiết giá lạnh, và tính cách dũng cảm nhưng cũng rất tình cảm với gia đình.  
  
Để nuôi giống chó này khỏe mạnh, bạn cần cung cấp cho chúng môi trường rộng rãi, thoáng mát và nhiều hoạt động ngoài trời. Chúng thích chạy, đi bộ đường dài và tham gia các hoạt động thể chất, nên không phù hợp với lối sống trong căn hộ chật hẹp ít vận động. Nếu bị giam hãm quá lâu, Elkhound dễ trở nên buồn chán và phá phách.  
  
Bộ lông kép của chúng cần được chải 2 – 3 lần/tuần, đặc biệt trong mùa rụng lông (xuân và thu) thì cần chải gần như mỗi ngày để loại bỏ lông chết và giữ cho da khỏe mạnh. Vì khả năng tự làm sạch tốt, chúng không cần tắm quá thường xuyên, chỉ nên tắm khi thực sự cần.  
  
Về dinh dưỡng, Norwegian Elkhound cần chế độ ăn giàu protein và chất béo lành mạnh để duy trì năng lượng cao. Bạn có thể cho ăn kết hợp thịt nạc, cá, rau củ và thức ăn hạt chất lượng. Lưu ý kiểm soát khẩu phần ăn vì chúng có xu hướng dễ tăng cân nếu vận động không đủ.  
  
Giống chó này khá độc lập và bướng bỉnh, nên việc huấn luyện cần kiên nhẫn và sử dụng phương pháp tích cực. Xã hội hóa sớm giúp chúng thân thiện hơn với người lạ và các vật nuôi khác. Ngoài ra, Norwegian Elkhound có thể gặp một số bệnh di truyền như loạn sản xương hông, bệnh mắt và các vấn đề về tuyến giáp, vì vậy cần kiểm tra sức khỏe định kỳ.",35 – 55 triệu VNĐ,15 – 25 triệu VNĐ,1500 – 3500 USD,5,5,4,4,medium,1.0936226680107477
24,Dog,otterhound,10 năm - 13 năm ,36 – 52 kg,61 – 69 cm,95 – 110 cm,"Otterhound là giống chó săn hiếm có nguồn gốc từ Anh, nổi tiếng với khả năng bơi lội siêu hạng và khứu giác nhạy bén. Chúng vốn được lai tạo để săn rái cá trong môi trường sông nước, vì vậy rất yêu thích bơi và các hoạt động dưới nước. Nếu bạn có hồ, ao, hoặc thường đưa chúng đến sông, biển thì đó chính là môi trường lý tưởng cho chúng phát huy bản năng tự nhiên.  
  
Về tính cách, Otterhound thân thiện, hiền lành, dễ hòa đồng với trẻ nhỏ và các vật nuôi khác. Tuy nhiên, vì là giống chó săn, chúng khá độc lập và đôi khi bướng bỉnh, nên huấn luyện cần sự kiên nhẫn, nhất quán và nhiều khen thưởng tích cực. Chúng không thích bị bỏ một mình quá lâu vì dễ sinh chán nản và phá phách.  
  
Bộ lông của Otterhound là loại lông kép, dài và xoăn gợn sóng, có khả năng chống nước tự nhiên. Tuy nhiên, lông khá dễ bết và rối nên cần được chải 2 – 3 lần/tuần, kết hợp tắm rửa sau những lần bơi hoặc khi bẩn. Vì có tai to và rủ, chúng dễ bị nhiễm trùng tai nếu không được vệ sinh thường xuyên, đặc biệt sau khi tiếp xúc với nước.  
  
Về dinh dưỡng, giống chó này cần khẩu phần ăn giàu protein và chất béo lành mạnh để duy trì năng lượng cao, nhất là khi được vận động nhiều. Nên bổ sung thêm rau củ và chất xơ để hỗ trợ tiêu hóa. Do dễ bị béo phì nếu lười vận động, bạn cần kiểm soát khẩu phần ăn hợp lý.  
  
Ngoài ra, Otterhound có thể mắc một số bệnh di truyền như loạn sản xương hông, bệnh tuyến giáp và một số vấn đề về máu, nên việc kiểm tra sức khỏe định kỳ và duy trì cân nặng hợp lý là rất quan trọng.",45 – 70 triệu VNĐ,20 – 35 triệu VNĐ,2000 – 5000 USD,5,5,4,5,large,1.7660857441242437
25,Dog,saluki,12 năm - 14 năm ,16 – 30 kg,58 – 71 cm,80 – 95 cm,"Saluki là một trong những giống chó săn cổ xưa nhất thế giới, từng được nuôi dưỡng bởi các hoàng gia Ba Tư và Ai Cập cổ đại. Chúng có thân hình mảnh khảnh, thanh thoát, tốc độ cao và vẻ ngoài vô cùng quý tộc. Tính cách Saluki khá điềm đạm, độc lập nhưng cũng gắn bó và trung thành với chủ nhân mà chúng tin tưởng.  
  
Vì là giống chó săn tốc độ, Saluki cần được vận động thường xuyên để giải phóng năng lượng. Đi dạo dài, cho chạy trong khu vực có rào chắn hoặc tham gia các trò chơi rượt đuổi sẽ giúp chúng khỏe mạnh cả thể chất lẫn tinh thần. Tuy nhiên, bạn nên luôn cảnh giác khi thả tự do ở nơi rộng mở vì bản năng săn mồi mạnh mẽ khiến chúng dễ đuổi theo động vật nhỏ.  
  
Bộ lông của Saluki có hai dạng: lông ngắn mượt và lông dài mượt có tua (đặc biệt ở tai, đuôi và chân). Dù loại nào, việc chăm sóc cũng khá đơn giản, chỉ cần chải vài lần/tuần để giữ lông óng mượt và loại bỏ bụi bẩn. Saluki ít rụng lông và hầu như không có mùi hôi, vì vậy tắm rửa định kỳ là đủ.  
  
Về dinh dưỡng, Saluki cần chế độ ăn giàu protein chất lượng từ thịt nạc, cá, trứng, kết hợp rau củ và một lượng tinh bột vừa phải. Do cơ thể mảnh mai và dễ bị rối loạn tiêu hóa, bạn nên cho ăn thành nhiều bữa nhỏ thay vì dồn vào một bữa lớn để giảm nguy cơ xoắn dạ dày.  
  
Saluki thường khỏe mạnh, ít bệnh di truyền nghiêm trọng, nhưng có thể gặp các vấn đề về tim và xương khớp khi già đi. Ngoài ra, chúng khá nhạy cảm với lạnh do ít mỡ và lông mỏng, nên cần được giữ ấm khi trời rét. Đây là giống chó phù hợp với những người nuôi có thời gian, không gian và mong muốn một người bạn đồng hành tao nhã, yên tĩnh nhưng cũng mạnh mẽ.  
  
👉 Bạn có muốn mình gom nhóm các giống chó săn tốc độ vùng Trung Đông & Á – Âu (Saluki, Borzoi, Afghan Hound, Greyhound, Whippet…) thành một bảng so sánh để bạn thấy rõ sự khác biệt về giá, tuổi thọ và đặc điểm chăm sóc không?",40 – 70 triệu VNĐ,18 – 30 triệu VNĐ,2500 – 5000 USD,5,4,2,3,large,1.2786349264505672
26,Dog,scottish_deerhound,8 năm - 11 năm ,36 – 50 kg,71 – 81 cm,95 – 115 cm,"Scottish Deerhound là giống chó săn cổ điển của Scotland, nổi tiếng với dáng vóc cao lớn, uy nghi và tốc độ ấn tượng. Dù có vẻ ngoài mạnh mẽ, tính cách của chúng lại hiền lành, điềm đạm, trung thành và đặc biệt gắn bó với gia đình. Deerhound rất thân thiện, ít khi hung dữ và phù hợp làm thú cưng trong nhà, miễn là bạn đáp ứng được nhu cầu vận động của chúng.  
  
Do xuất thân là chó săn hươu, Scottish Deerhound cần vận động thường xuyên với các buổi đi dạo dài và có không gian rộng để chạy nhảy. Tuy nhiên, không nên cho chạy quá sức khi còn nhỏ, vì giai đoạn phát triển xương khớp cần tránh áp lực quá lớn. Khi trưởng thành, chúng thích hợp với các hoạt động ngoài trời như chạy tự do trong sân vườn có rào chắn hoặc tham gia các môn thể thao cho chó săn.  
  
Bộ lông của Deerhound thuộc loại lông thô, cứng và hơi xoăn, có tác dụng bảo vệ cơ thể trong khí hậu lạnh và khắc nghiệt. Việc chăm sóc lông không quá phức tạp, chỉ cần chải 1 – 2 lần/tuần để loại bỏ lông rụng và bụi bẩn. Bạn cũng nên tắm định kỳ và kiểm tra tai, móng thường xuyên để giữ vệ sinh.  
  
Dinh dưỡng của Deerhound cần chú trọng protein chất lượng từ thịt nạc, cá, trứng, cùng rau củ để bổ sung vitamin và khoáng chất. Vì dễ bị xoắn dạ dày, bạn nên chia nhỏ bữa ăn thay vì cho ăn nhiều cùng lúc. Ngoài ra, giống chó này dễ gặp vấn đề về tim, ung thư xương và loạn sản xương hông, do đó việc kiểm tra sức khỏe định kỳ là rất quan trọng.  
  
Scottish Deerhound không chỉ là một giống chó săn tốc độ mà còn là một ""người bạn hiền khổng lồ"", phù hợp với những gia đình yêu thích chó săn quý tộc, có không gian rộng và sẵn sàng dành thời gian vận động, chăm sóc.",45 – 70 triệu VNĐ,20 – 35 triệu VNĐ,2500 – 6000 USD,4,5,2,4,large,1.8306247545510568
27,Dog,weimaraner,10 năm - 13 năm ,25 – 40 kg,57 – 70 cm,85 – 100 cm,"Weimaraner là giống chó săn có nguồn gốc từ Đức, nổi tiếng với dáng vẻ thể thao, bộ lông xám bạc mượt mà và sự nhanh nhẹn đáng kinh ngạc. Chúng được mệnh danh là “The Gray Ghost” vì khả năng di chuyển linh hoạt và trung thành tuyệt đối với chủ nhân. Tính cách của Weimaraner thường rất gắn bó, thông minh, giàu năng lượng và thường được gọi là “Velcro dog” vì luôn thích theo sát chủ. Tuy nhiên, nếu bị bỏ mặc quá lâu, chúng dễ rơi vào trạng thái lo âu chia ly và có thể phá phách để giải tỏa năng lượng.  
  
Giống chó này đòi hỏi lượng vận động lớn và đều đặn hàng ngày. Các hoạt động như chạy bộ, bơi lội, đi dạo dài hoặc tham gia các trò chơi ném – nhặt là cần thiết để duy trì thể lực và tinh thần. Weimaraner không phù hợp sống trong không gian chật hẹp như căn hộ nhỏ, trừ khi được đưa ra ngoài tập luyện thường xuyên và có người đồng hành.  
  
Bộ lông của Weimaraner ngắn, mượt và ít rụng nên việc chăm sóc khá đơn giản. Bạn chỉ cần chải lông 1 – 2 lần mỗi tuần để loại bỏ lông rụng và bụi bẩn, kết hợp với việc tắm định kỳ, vệ sinh tai và cắt móng để giữ vệ sinh tổng thể.  
  
Chế độ dinh dưỡng của Weimaraner cần chú trọng đến protein chất lượng cao từ thịt nạc, cá và trứng, kết hợp cùng rau củ để bổ sung vitamin và khoáng chất. Vì giống chó này có nguy cơ mắc chứng xoắn dạ dày, bạn nên chia nhỏ bữa ăn thành nhiều lần trong ngày thay vì cho ăn quá nhiều cùng lúc.  
  
Về sức khỏe, ngoài các bệnh về xương khớp và đường tiêu hóa, Weimaraner còn dễ gặp các vấn đề về tim và thần kinh. Do đó, việc kiểm tra sức khỏe định kỳ, tiêm phòng và tẩy giun đúng lịch là điều rất quan trọng để đảm bảo chúng duy trì được thể trạng tốt và tuổi thọ tối đa.  
  
Weimaraner là lựa chọn lý tưởng cho những người năng động, yêu thích các hoạt động ngoài trời và sẵn sàng dành thời gian tập luyện cùng thú cưng. Nếu được chăm sóc đúng cách, chúng sẽ trở thành một người bạn đồng hành trung thành, mạnh mẽ và thông minh trong gia đình.",40 – 65 triệu VNĐ,18 – 30 triệu VNĐ,2000 – 5000 USD,5,2,2,4,large,1.4829668826892064
28,Dog,staffordshire_bullterrier,12 năm - 14 năm ,11 – 17 kg,36 – 41 cm,45 – 55 cm,"Staffordshire Bull Terrier, thường gọi tắt là Staffy, là giống chó có nguồn gốc từ Anh, nổi tiếng với sự mạnh mẽ, dũng cảm nhưng lại cực kỳ tình cảm và gắn bó với gia đình. Dù ngoại hình cơ bắp khiến nhiều người nghĩ rằng chúng hung dữ, nhưng thực tế Staffy rất hiền lành, trung thành và đặc biệt thân thiện với trẻ em, đến mức chúng còn được mệnh danh là “chó trông trẻ” (nanny dog).  
  
Để nuôi dưỡng một Staffordshire Bull Terrier khỏe mạnh, bạn cần chú trọng đến việc vận động thường xuyên. Đây là giống chó năng lượng cao, thích chạy nhảy, chơi kéo co hoặc tham gia các trò chơi vận động mạnh. Các buổi dạo chơi dài kết hợp huấn luyện cơ bản sẽ giúp chúng giải phóng năng lượng và giữ tinh thần thoải mái. Nếu không được tập luyện đầy đủ, Staffy có thể trở nên buồn chán và phá phách.  
  
Bộ lông của Staffy ngắn, bóng và rất dễ chăm sóc. Bạn chỉ cần chải lông một lần mỗi tuần để loại bỏ bụi bẩn và lông rụng. Việc tắm định kỳ, vệ sinh tai, răng và cắt móng thường xuyên sẽ giúp duy trì sức khỏe tổng thể. Do dễ bị dị ứng da, bạn nên chọn sữa tắm dịu nhẹ và theo dõi chế độ ăn để tránh các tác nhân gây kích ứng.  
  
Chế độ dinh dưỡng cần cân bằng giữa protein chất lượng cao từ thịt nạc, cá và trứng, kết hợp với rau củ để bổ sung chất xơ và vitamin. Staffordshire Bull Terrier có xu hướng dễ tăng cân nếu ăn quá nhiều, vì vậy bạn cần kiểm soát khẩu phần ăn và hạn chế đồ ăn vặt không lành mạnh.  
  
Về sức khỏe, ngoài loạn sản xương hông, Staffy còn dễ mắc các bệnh về mắt (như đục thủy tinh thể) và một số vấn đề di truyền khác. Do đó, việc kiểm tra sức khỏe định kỳ và tuân thủ lịch tiêm phòng là điều cần thiết.  
  
Staffordshire Bull Terrier là lựa chọn tuyệt vời cho những gia đình năng động, yêu thích vận động ngoài trời và mong muốn có một chú chó vừa mạnh mẽ vừa tình cảm. Với sự chăm sóc đúng cách, Staffy sẽ trở thành một người bạn đồng hành trung thành, thông minh và tràn đầy năng lượng.",35 – 60 triệu VNĐ,15 – 25 triệu VNĐ,2000 – 4500 USD,5,3,1,5,small,0.7585800070931389
29,Dog,american_staffordshire_terrier,12 năm – 16 năm,18 – 32 kg,43 – 48 cm,55 – 65 cm,"American Staffordshire Terrier, thường gọi tắt là AmStaff, là giống chó có nguồn gốc từ Hoa Kỳ, được phát triển từ Staffordshire Bull Terrier của Anh. Khác với ấn tượng bề ngoài mạnh mẽ và cơ bắp, AmStaff lại có tính cách điềm đạm, trung thành và rất gắn bó với chủ nhân. Chúng là những chú chó thông minh, cảnh giác và giàu tình cảm, thường tỏ ra dịu dàng với trẻ nhỏ và tận tụy với gia đình.  
  
AmStaff là giống chó cần vận động thường xuyên và có khả năng chịu đựng tốt các hoạt động mạnh. Việc cho chúng tham gia chạy bộ, chơi kéo co, dạo dài hoặc huấn luyện agility sẽ giúp duy trì thể chất và giải phóng năng lượng. Nếu bị bỏ mặc lâu ngày hoặc không được tập luyện đầy đủ, AmStaff dễ sinh ra sự buồn chán và có thể phá phách trong nhà. Vì vậy, giống chó này phù hợp nhất với những người chủ năng động, có thời gian đồng hành cùng chúng.  
  
Bộ lông của AmStaff ngắn, mượt và dễ chăm sóc. Bạn chỉ cần chải 1 – 2 lần mỗi tuần để giữ lông bóng khỏe và giảm lông rụng. Bên cạnh đó, việc vệ sinh tai, cắt móng và đánh răng định kỳ cũng rất quan trọng để giữ gìn vệ sinh tổng thể. Giống chó này khá nhạy cảm với thời tiết lạnh, vì vậy khi trời rét cần giữ ấm bằng áo khoác hoặc hạn chế để ngoài trời quá lâu.  
  
Chế độ dinh dưỡng cho AmStaff cần giàu protein từ thịt nạc, cá và trứng, kết hợp cùng rau củ quả để bổ sung vitamin và chất xơ. Do có thể dễ bị tăng cân, khẩu phần ăn nên được chia hợp lý, hạn chế đồ ăn nhiều chất béo và bổ sung thêm thực phẩm hỗ trợ xương khớp.  
  
Về sức khỏe, AmStaff có thể gặp một số vấn đề di truyền như loạn sản xương hông, dị ứng da và bệnh về tim. Việc đưa đi kiểm tra thú y định kỳ, tiêm phòng đầy đủ và duy trì chế độ dinh dưỡng cân bằng sẽ giúp kéo dài tuổi thọ và duy trì sức khỏe ổn định cho chúng.",40 – 70 triệu VNĐ,18 – 30 triệu VNĐ,2500 – 5000 USD,5,4,1,5,medium,1.0683485921102407
30,Dog,bedlington_terrier,12 năm – 16 năm,8 – 10 kg,38 – 44 cm,45 – 55 cm,"Bedlington Terrier là giống chó có nguồn gốc từ Anh, nổi bật với ngoại hình độc đáo, trông giống như một chú cừu nhỏ nhờ bộ lông xoăn mềm và dáng đầu đặc trưng. Đằng sau vẻ ngoài hiền lành ấy lại là một giống chó nhanh nhẹn, dũng cảm, từng được dùng để săn chuột và thỏ. Tính cách của Bedlington Terrier thân thiện, hoạt bát, trung thành và thường gắn bó sâu sắc với gia đình, phù hợp làm thú cưng trong nhà.  
  
Để nuôi dưỡng Bedlington Terrier khỏe mạnh, bạn cần đảm bảo cho chúng được vận động thường xuyên. Chúng thích chạy nhảy, chơi đùa và đặc biệt giỏi trong các hoạt động đòi hỏi sự nhanh nhẹn. Những buổi đi dạo dài, trò chơi đuổi bắt hoặc luyện tập agility là lựa chọn phù hợp để giữ tinh thần và thể chất của chúng luôn ổn định. Nếu không được giải phóng năng lượng, chúng có thể trở nên tăng động hoặc phá phách.  
  
Bộ lông của Bedlington Terrier đặc biệt cần chăm sóc kỹ lưỡng. Đây là loại lông xoăn và có xu hướng mọc nhanh, nên phải chải đều đặn 2 – 3 lần mỗi tuần để tránh rối. Ngoài ra, cần cắt tỉa lông định kỳ để giữ được dáng đặc trưng của giống chó này, đồng thời duy trì sự sạch sẽ. Vệ sinh tai, răng và cắt móng thường xuyên cũng rất cần thiết.  
  
Chế độ dinh dưỡng của Bedlington Terrier nên chú trọng đến protein nạc chất lượng cao và bổ sung rau củ quả để cung cấp vitamin, khoáng chất. Do giống chó này có nguy cơ mắc bệnh liên quan đến gan, bạn cần tránh cho ăn thực phẩm chứa đồng quá nhiều và nên duy trì khẩu phần ăn khoa học, chia đều trong ngày.  
  
Về sức khỏe, ngoài bệnh gan (Copper Toxicosis) đặc trưng, Bedlington Terrier còn dễ mắc các vấn đề về mắt và tim. Do đó, bạn nên đưa chúng đi khám thú y định kỳ, xét nghiệm di truyền khi mua giống và theo dõi sức khỏe sát sao để đảm bảo tuổi thọ tối đa.",40 – 65 triệu VNĐ,20 – 30 triệu VNĐ,2500 – 4500 USD,4,3,5,4,small,0.6759915150581705
31,Dog,border_terrier,12 năm – 15 năm,5 – 7 kg,33 – 40 cm,45 – 55 cm,"Border Terrier là giống chó sục nhỏ gọn, nhanh nhẹn, có nguồn gốc từ vùng biên giới Anh – Scotland. Chúng nổi bật với bản tính dũng cảm, lanh lợi và rất thân thiện với gia đình, đặc biệt là trẻ em. Tuy có gốc là chó săn cáo nhưng Border Terrier khá hiền, dễ huấn luyện và thường sống hòa thuận với các vật nuôi khác nếu được xã hội hóa sớm.  
  
Giống chó này cần được vận động đều đặn để duy trì thể chất khỏe mạnh. Các hoạt động như đi dạo hằng ngày, chạy nhảy trong sân vườn hoặc tham gia trò chơi đòi hỏi sự nhanh nhẹn đều rất phù hợp. Chúng thông minh và thích hợp với những bài tập huấn luyện ngắn, đa dạng để tránh sự nhàm chán.  
  
Bộ lông của Border Terrier thuộc loại lông kép: bên ngoài thô cứng, bên trong mềm mịn, giúp chống chịu thời tiết tốt. Việc chăm sóc lông không quá phức tạp, chỉ cần chải 1 – 2 lần/tuần và tắm khi cần thiết. Tuy nhiên, nên “hand-stripping” (nhổ lông chết bằng tay) vài lần mỗi năm để giữ bộ lông khỏe mạnh và đẹp tự nhiên.  
  
Chế độ dinh dưỡng của Border Terrier cần cân bằng, tập trung vào protein nạc, chất béo lành mạnh cùng rau củ bổ sung vitamin và chất xơ. Do có xu hướng dễ bị béo phì nếu ít vận động, bạn cần kiểm soát khẩu phần ăn và hạn chế đồ ăn vặt.  
  
Về sức khỏe, Border Terrier nhìn chung khỏe mạnh, nhưng có thể gặp một số bệnh di truyền như bệnh tim, vấn đề về khớp và chứng co giật. Khám thú y định kỳ và theo dõi cân nặng là cách tốt nhất để duy trì tuổi thọ và sức khỏe lâu dài cho chúng.",35 – 55 triệu VNĐ,15 – 25 triệu VNĐ,2000 – 4000 USD,4,3,3,5,small,0.5865429080822617
32,Dog,kerry_blue_terrier,12 năm – 15 năm,15 – 18 kg,44 – 49 cm,55 – 65 cm,"Kerry Blue Terrier là giống chó có nguồn gốc từ Ireland, nổi bật với bộ lông xoăn mềm mượt màu xanh lam độc đáo khi trưởng thành. Chúng thông minh, lanh lợi, trung thành và có tính cách mạnh mẽ, từng được sử dụng trong săn bắn, canh gác và chăn gia súc. Dù mang dòng máu chó săn, Kerry Blue cũng rất tình cảm và gắn bó với gia đình, thường trở thành người bạn đồng hành đáng tin cậy.  
  
Giống chó này có nhu cầu vận động cao, cần được đi dạo dài hoặc tham gia các hoạt động ngoài trời mỗi ngày. Chúng thích chạy nhảy, chơi đùa và cũng rất giỏi trong các môn thể thao cho chó như agility hoặc obedience. Nếu không được vận động đủ, Kerry Blue dễ trở nên buồn chán và phá phách.  
  
Bộ lông của Kerry Blue Terrier mềm, xoăn và không rụng nhiều, phù hợp với người bị dị ứng. Tuy nhiên, lông của chúng mọc liên tục nên cần chải đều đặn 2 – 3 lần/tuần để tránh rối và cắt tỉa chuyên nghiệp mỗi 6 – 8 tuần để giữ dáng đẹp. Ngoài ra, vệ sinh tai, răng và cắt móng thường xuyên cũng rất quan trọng để duy trì sức khỏe tổng thể.  
  
Chế độ dinh dưỡng nên giàu protein chất lượng cao từ thịt nạc, cá, trứng, kết hợp với rau củ quả để cung cấp vitamin và khoáng chất. Bạn nên chia nhỏ khẩu phần ăn và tránh cho ăn nhiều tinh bột hoặc đồ ăn dầu mỡ, vì chúng dễ bị thừa cân.  
  
Về sức khỏe, Kerry Blue Terrier nhìn chung khá khỏe mạnh nhưng có nguy cơ mắc các bệnh di truyền như loạn sản xương hông, đục thủy tinh thể và bệnh da. Việc kiểm tra sức khỏe định kỳ và xét nghiệm di truyền khi mua giống là rất cần thiết để đảm bảo chúng có cuộc sống khỏe mạnh và lâu dài.",50 – 80 triệu VNĐ,25 – 40 triệu VNĐ,2500 – 5000 USD,5,4,4,3,medium,0.9063380867835418
33,Dog,irish_terrier,13 năm – 15 năm,11 – 13 kg,43 – 48 cm,50 – 60 cm,"Irish Terrier là một trong những giống chó sục cổ xưa nhất, có nguồn gốc từ Ireland. Chúng nổi bật với bộ lông đỏ đặc trưng cùng tính cách gan dạ, thông minh và trung thành. Dù từng được nuôi để săn bắt và canh gác, Irish Terrier cũng rất tình cảm, gắn bó với chủ và thường tỏ ra bảo vệ gia đình. Chúng dũng cảm nhưng không quá hung hãn, phù hợp làm thú cưng trong nhà nếu được huấn luyện và xã hội hóa sớm.  
  
Giống chó này cần nhiều vận động hằng ngày để duy trì sự khỏe mạnh và tinh thần sảng khoái. Những buổi đi dạo dài, chạy tự do trong sân vườn hoặc tham gia trò chơi tương tác đều rất cần thiết. Ngoài ra, Irish Terrier thông minh và thích hợp với các bài huấn luyện obedience, agility, vừa giúp rèn luyện cơ thể vừa phát triển khả năng tư duy.  
  
Bộ lông của Irish Terrier thuộc loại lông kép với lớp ngoài cứng, thẳng và thô, giúp chống chịu thời tiết tốt. Việc chăm sóc lông khá đơn giản: chỉ cần chải 1 – 2 lần/tuần và “hand-stripping” (nhổ lông chết bằng tay) vài lần mỗi năm để duy trì độ bóng mượt và khỏe mạnh. Tắm định kỳ, vệ sinh tai và răng, cũng như cắt móng thường xuyên sẽ giúp giữ vệ sinh tổng thể.  
  
Dinh dưỡng của Irish Terrier cần giàu protein từ thịt nạc, cá, trứng, kết hợp rau củ và ngũ cốc nguyên hạt để bổ sung năng lượng, vitamin và khoáng chất. Chúng dễ thích nghi với nhiều chế độ ăn nhưng nên tránh đồ ăn nhiều dầu mỡ hoặc thức ăn thừa của con người.  
  
Về sức khỏe, Irish Terrier nhìn chung khá khỏe mạnh, ít gặp bệnh di truyền nghiêm trọng. Tuy nhiên, chúng có thể mắc một số vấn đề về da, dị ứng hoặc loạn sản xương hông. Việc đưa đi khám thú y định kỳ và theo dõi tình trạng cơ thể là cách tốt nhất để kéo dài tuổi thọ của chúng.",40 – 70 triệu VNĐ,20 – 35 triệu VNĐ,2000 – 4500 USD,5,4,3,4,small,0.7879192485594483
34,Dog,norfolk_terrier,12 năm – 15 năm,5 – 6 kg,23 – 26 cm,30 – 35 cm,"Norfolk Terrier có nguồn gốc từ Anh, là một trong những giống chó sục nhỏ nhất nhưng lại vô cùng dũng cảm, nhanh nhẹn và tràn đầy năng lượng. Chúng nổi bật với đôi tai cụp đặc trưng (khác với Norwich Terrier tai dựng), cùng tính cách thân thiện, tình cảm và dễ hòa nhập với gia đình. Dù nhỏ bé, Norfolk Terrier vẫn giữ bản năng săn mồi mạnh mẽ và thích khám phá môi trường xung quanh.  
  
Giống chó này cần được vận động thường xuyên với các buổi đi dạo hằng ngày và thời gian chạy nhảy trong sân vườn có rào chắn. Chúng rất thích tham gia các trò chơi như ném bóng, kéo co hoặc agility, vừa giúp tiêu hao năng lượng vừa gắn kết với chủ. Nếu bị bỏ mặc hoặc không được giải phóng năng lượng, chúng có thể trở nên bồn chồn hoặc phá phách.  
  
Bộ lông của Norfolk Terrier là loại lông kép với lớp ngoài cứng, thẳng và lớp lót mềm, giúp chúng chịu đựng được nhiều điều kiện thời tiết. Việc chăm sóc lông khá đơn giản, chỉ cần chải 1 – 2 lần/tuần và “hand-stripping” vài lần mỗi năm để loại bỏ lông chết, giữ cho bộ lông gọn gàng và khỏe mạnh. Ngoài ra, nên vệ sinh tai, răng và cắt móng định kỳ để tránh các vấn đề về vệ sinh.  
  
Chế độ ăn uống cần cân đối, giàu protein nạc từ thịt, cá, trứng, kèm rau củ quả và ngũ cốc nguyên hạt để bổ sung năng lượng và dưỡng chất. Norfolk Terrier dễ bị tăng cân nếu ăn quá nhiều mà ít vận động, do đó bạn cần kiểm soát khẩu phần ăn hợp lý và hạn chế đồ ăn vặt.  
  
Về sức khỏe, giống chó này nhìn chung khỏe mạnh, ít mắc bệnh di truyền nghiêm trọng. Tuy vậy, chúng có thể gặp các vấn đề về mắt, khớp hoặc răng miệng nếu không được chăm sóc đúng cách. Khám thú y định kỳ sẽ giúp theo dõi sức khỏe và đảm bảo chúng duy trì được tuổi thọ lâu dài.",40 – 65 triệu VNĐ,18 – 30 triệu VNĐ,2500 – 4500 USD,5,3,3,4,small,0.4181537795403285
35,Dog,norwich_terrier,12 năm – 15 năm,5 – 6 kg,24 – 26 cm,30 – 35 cm,"Norwich Terrier, có nguồn gốc từ Anh, là một trong những giống chó sục nhỏ nhất nhưng lại cực kỳ hoạt bát, thông minh và dũng cảm. Điểm đặc trưng của chúng là đôi tai dựng đứng (khác với Norfolk Terrier tai cụp). Norwich Terrier rất thân thiện, yêu thích sự bầu bạn và thường gắn bó chặt chẽ với gia đình, kể cả trẻ em và các vật nuôi khác nếu được xã hội hóa sớm.  
  
Giống chó này có nhu cầu vận động cao so với kích thước nhỏ bé của chúng. Chúng cần được đi dạo hằng ngày kết hợp với các trò chơi như ném bóng, chạy nhảy hoặc agility để giải phóng năng lượng. Norwich Terrier nhanh nhẹn, thông minh và học lệnh khá nhanh, nhưng đôi khi có thể bướng bỉnh, vì vậy huấn luyện cần kiên nhẫn và nhất quán.  
  
Bộ lông của Norwich Terrier thuộc loại lông kép: lớp ngoài cứng, thẳng và lớp lót mềm, giúp chịu lạnh tốt. Việc chăm sóc lông tương đối dễ dàng, chỉ cần chải 1 – 2 lần/tuần và thực hiện “hand-stripping” vài lần mỗi năm để giữ bộ lông khỏe mạnh và gọn gàng. Ngoài ra, vệ sinh tai, răng và cắt móng định kỳ là cần thiết để giữ vệ sinh tổng thể.  
  
Chế độ dinh dưỡng nên giàu protein nạc từ thịt, cá, trứng kết hợp với rau củ và ngũ cốc nguyên hạt để bổ sung vitamin, chất xơ và năng lượng. Do Norwich Terrier khá ham ăn, bạn cần theo dõi khẩu phần để tránh béo phì, đặc biệt là khi ít vận động.  
  
Về sức khỏe, Norwich Terrier nhìn chung khỏe mạnh, nhưng có thể gặp một số vấn đề di truyền như bệnh tim, trật xương bánh chè và các vấn đề về răng. Khám thú y định kỳ và chăm sóc sức khỏe thường xuyên sẽ giúp chúng duy trì tuổi thọ và cuộc sống khỏe mạnh.",40 – 65 triệu VNĐ,18 – 30 triệu VNĐ,2500 – 4500 USD,5,3,3,5,small,0.4214784055199058
36,Dog,yorkshire_terrier,12 năm – 16 năm,2 – 3.2 kg,18 – 23 cm,22 – 28 cm,"Yorkshire Terrier, thường được gọi tắt là “Yorkie”, là một trong những giống chó cảnh phổ biến nhất trên thế giới, nổi bật với ngoại hình nhỏ nhắn, bộ lông dài mượt như tơ và tính cách lanh lợi, giàu tình cảm. Chúng trung thành, thông minh, giàu năng lượng và thường rất gắn bó với chủ nhân, đặc biệt thích hợp làm thú cưng trong nhà hoặc căn hộ nhỏ.  
  
Yorkie cần được vận động vừa phải hằng ngày thông qua các buổi đi dạo ngắn, trò chơi trong nhà hoặc ngoài sân. Dù nhỏ bé, chúng rất hiếu động, thích khám phá và có thể tham gia các hoạt động huấn luyện thông minh. Nếu không được giải phóng năng lượng, Yorkie có thể trở nên dễ sủa hoặc nghịch ngợm.  
  
Bộ lông của Yorkshire Terrier dài, mượt, óng ả và phát triển liên tục giống như tóc người. Vì vậy, việc chăm sóc lông đòi hỏi sự kiên nhẫn: cần chải lông hằng ngày để tránh rối và tắm định kỳ để giữ lông mềm mượt, sạch sẽ. Ngoài ra, nên cắt tỉa lông gọn gàng quanh mắt, tai và bàn chân để duy trì sự thoải mái cho chúng.  
  
Chế độ dinh dưỡng của Yorkie cần giàu protein chất lượng cao từ thịt nạc, cá, trứng kết hợp rau củ quả và ngũ cốc nguyên hạt. Do kích thước nhỏ và dạ dày nhạy cảm, bạn nên chia khẩu phần thành nhiều bữa nhỏ trong ngày. Đồng thời, hạn chế thức ăn dầu mỡ hoặc đồ ăn thừa của con người để tránh các vấn đề về tiêu hóa.  
  
Về sức khỏe, Yorkshire Terrier có thể gặp một số bệnh di truyền như trật xương bánh chè, bệnh về răng miệng, suy khí quản và hạ đường huyết. Việc khám thú y định kỳ, chăm sóc răng miệng kỹ lưỡng và duy trì chế độ ăn uống hợp lý sẽ giúp Yorkie khỏe mạnh và kéo dài tuổi thọ.",30 – 60 triệu VNĐ,12 – 25 triệu VNĐ,2000 – 5000 USD,3,1,5,2,small,0.3002953411946003
37,Dog,wire_haired_fox_terrier,12 năm – 15 năm,7 – 9 kg,36 – 39 cm,45 – 50 cm,"Wire-haired Fox Terrier là giống chó săn cáo nổi tiếng đến từ Anh, được lai tạo để tham gia các cuộc săn dưới lòng đất. Chúng nổi bật với bộ lông xoăn cứng đặc trưng, dáng người săn chắc, nhỏ gọn và đôi mắt sáng tinh anh. Với tính cách mạnh mẽ, hoạt bát, thông minh và đôi khi bướng bỉnh, giống chó này rất phù hợp với những người chủ năng động, yêu thích vận động ngoài trời.  
  
Giống chó này cần được vận động hàng ngày để tiêu hao năng lượng dồi dào. Các buổi đi dạo dài, chạy bộ, trò chơi ném bóng hoặc các hoạt động huấn luyện thông minh đều rất cần thiết. Nếu bị nhốt trong nhà quá lâu, chúng có thể trở nên nghịch ngợm hoặc phá phách. Việc huấn luyện nên bắt đầu từ sớm, kiên nhẫn và áp dụng phương pháp tích cực, bởi Wire-haired Fox Terrier khá độc lập và đôi khi cứng đầu.  
  
Bộ lông xoăn cứng cần được chải thường xuyên để loại bỏ lông rụng và bụi bẩn. Ngoài ra, định kỳ tỉa lông (hand-stripping hoặc grooming chuyên nghiệp) sẽ giúp giữ được kết cấu lông khỏe và gọn gàng. Vệ sinh tai, cắt móng và chăm sóc răng miệng thường xuyên cũng rất quan trọng để phòng ngừa bệnh tật.  
  
Chế độ dinh dưỡng của Wire-haired Fox Terrier cần cân bằng với protein chất lượng cao từ thịt nạc, cá, kết hợp cùng rau củ quả và ngũ cốc nguyên hạt. Do chúng là giống chó hoạt động nhiều, cần bổ sung đủ năng lượng nhưng tránh cho ăn quá nhiều để hạn chế béo phì.  
  
Về sức khỏe, Wire-haired Fox Terrier nhìn chung khỏe mạnh, nhưng có thể gặp các bệnh di truyền như loạn sản xương hông, bệnh về da hoặc các vấn đề về răng miệng. Khám thú y định kỳ và duy trì lối sống năng động sẽ giúp chúng khỏe mạnh, vui tươi và sống lâu bên gia đình.",20 – 40 triệu VNĐ,8 – 15 triệu VNĐ,1500 – 4000 USD,5,3,4,3,small,0.6216372455518736
38,Dog,lakeland_terrier,12 năm – 15 năm,7 – 8 kg,35 – 37 cm,45 – 50 cm,"Lakeland Terrier có nguồn gốc từ vùng hồ Lake District, Anh Quốc, được lai tạo để săn cáo và các loài động vật gặm nhấm nhỏ. Chúng có ngoại hình nhỏ gọn, cơ thể săn chắc, đôi tai cụp hình chữ V và bộ lông dày cứng với nhiều màu sắc khác nhau. Tính cách nổi bật của giống chó này là dũng cảm, lanh lợi, độc lập nhưng cũng rất tình cảm và gắn bó với chủ.  
  
Giống chó này tràn đầy năng lượng, vì vậy cần được vận động hàng ngày thông qua các hoạt động như đi dạo dài, chạy nhảy ngoài trời, chơi đùa hoặc tham gia huấn luyện agility. Nếu không được giải phóng năng lượng, chúng dễ trở nên bồn chồn và có thể nghịch phá. Lakeland Terrier cũng rất thông minh, do đó huấn luyện nên bắt đầu sớm, sử dụng phương pháp kiên nhẫn và tích cực để kiểm soát sự bướng bỉnh vốn có.  
  
Bộ lông của Lakeland Terrier cần được chải thường xuyên để tránh rối và loại bỏ lông chết. Ngoài ra, định kỳ tỉa lông (hand-stripping) sẽ giúp giữ kết cấu lông cứng, chắc và khỏe mạnh. Việc chăm sóc lông cũng đi kèm với vệ sinh tai, cắt móng và chải răng để ngăn ngừa bệnh nha chu – một bệnh thường gặp ở các giống chó nhỏ.  
  
Về chế độ ăn uống, Lakeland Terrier cần được cung cấp thức ăn giàu protein chất lượng cao (thịt nạc, cá, trứng) kết hợp với rau củ quả và tinh bột nguyên hạt. Chia khẩu phần hợp lý và tránh đồ ăn dầu mỡ hoặc thức ăn thừa từ con người để đảm bảo hệ tiêu hóa khỏe mạnh.  
  
Lakeland Terrier là giống chó khỏe mạnh nhưng có thể mắc một số vấn đề di truyền như loạn sản xương hông, bệnh về mắt (đục thủy tinh thể) hoặc dị ứng da. Việc khám thú y định kỳ, duy trì chế độ dinh dưỡng hợp lý và vận động đầy đủ sẽ giúp chúng sống lâu, khỏe mạnh và hạnh phúc bên gia đình.",20 – 40 triệu VNĐ,10 – 18 triệu VNĐ,2000 – 4500 USD,5,3,4,3,small,0.6017422054198562
39,Dog,sealyham_terrier,12 năm – 14 năm,8 – 11 kg,27 – 31 cm,45 – 55 cm,"Sealyham Terrier là giống chó sục cổ điển có nguồn gốc từ xứ Wales, Anh Quốc, nổi bật với thân hình nhỏ gọn, cơ thể săn chắc và bộ lông trắng dày, cứng. Chúng có tính cách dũng cảm, trung thành và hiếu động, nhưng cũng rất thân thiện, tình cảm và gắn bó với gia đình. Dù nhỏ bé, Sealyham Terrier giữ bản năng săn mồi mạnh mẽ, phù hợp với các gia đình muốn một chú chó sục linh hoạt và thông minh.  
  
Giống chó này cần được vận động hàng ngày để giữ tinh thần và thể chất khỏe mạnh. Các buổi đi dạo, chạy nhảy ngoài sân vườn, chơi trò chơi ném bóng hoặc tham gia huấn luyện agility là lựa chọn tốt để giải phóng năng lượng. Nếu bị nhốt quá lâu, chúng có thể trở nên nghịch ngợm hoặc phá phách. Huấn luyện Sealyham Terrier nên kiên nhẫn, sử dụng phương pháp tích cực và bắt đầu từ sớm để kiểm soát sự bướng bỉnh tự nhiên.  
  
Bộ lông cứng, dày và có lớp lót mềm của Sealyham Terrier cần được chải đều đặn 2 – 3 lần/tuần để tránh rối và loại bỏ lông chết. Ngoài ra, định kỳ tỉa lông (hand-stripping) giúp giữ kết cấu lông khỏe mạnh và gọn gàng. Vệ sinh tai, cắt móng và chải răng thường xuyên cũng rất quan trọng để đảm bảo sức khỏe tổng thể.  
  
Chế độ dinh dưỡng của Sealyham Terrier nên giàu protein chất lượng cao từ thịt nạc, cá, trứng, kết hợp rau củ quả và tinh bột nguyên hạt. Vì đây là giống chó nhỏ nhưng năng động, bạn nên chia khẩu phần ăn thành nhiều bữa nhỏ trong ngày và hạn chế thức ăn dầu mỡ hay đồ ăn thừa từ con người.  
  
Về sức khỏe, Sealyham Terrier nhìn chung khỏe mạnh nhưng có thể gặp một số bệnh di truyền như loạn sản xương hông, bệnh về da hoặc vấn đề về răng. Khám thú y định kỳ và chăm sóc đúng cách sẽ giúp chúng sống lâu, khỏe mạnh và hạnh phúc bên gia đình.",30 – 50 triệu VNĐ,15 – 25 triệu VNĐ,2000 – 4500 USD,4,3,5,4,small,0.6061216537416008
40,Dog,airedale,10 năm – 13 năm,18 – 29 kg,56 – 61 cm,70 – 85 cm,"Airedale Terrier, còn được gọi là “King of Terriers”, là giống chó sục lớn nhất trong nhóm Terrier, có nguồn gốc từ Anh Quốc. Chúng nổi bật với vóc dáng khỏe khoắn, cơ bắp rắn chắc, bộ lông thô, cứng và màu sắc đặc trưng đen – nâu vàng. Tính cách của Airedale Terrier rất thông minh, trung thành, dũng cảm và năng động, thích hợp với các gia đình có không gian rộng và chủ năng động.  
  
Giống chó này cần được vận động đều đặn hằng ngày. Các hoạt động như chạy bộ, đi dạo dài, trò chơi ném bóng hoặc huấn luyện agility sẽ giúp giải phóng năng lượng và duy trì tinh thần minh mẫn. Airedale Terrier thông minh nhưng độc lập, đôi khi bướng bỉnh, nên huấn luyện cần kiên nhẫn, nhất quán và sử dụng phương pháp tích cực để đạt hiệu quả tốt.  
  
Bộ lông của Airedale Terrier thuộc loại lông kép, lớp ngoài thô và cứng, lớp trong mềm, cần được chải 2 – 3 lần/tuần để loại bỏ lông chết và duy trì vẻ gọn gàng. Tỉa lông định kỳ (hand-stripping) giúp giữ kết cấu lông chắc khỏe và chuẩn dáng. Ngoài ra, vệ sinh tai, cắt móng và chải răng định kỳ rất cần thiết để duy trì sức khỏe tổng thể.  
  
Chế độ dinh dưỡng của Airedale Terrier nên giàu protein từ thịt nạc, cá, trứng, kết hợp rau củ quả và tinh bột nguyên hạt. Vì là giống chó năng động, cần cung cấp đủ năng lượng nhưng kiểm soát khẩu phần để tránh tăng cân.  
  
Về sức khỏe, Airedale Terrier nhìn chung khỏe mạnh nhưng có thể gặp một số vấn đề về da, tim và khớp. Khám thú y định kỳ và chăm sóc đúng cách sẽ giúp chúng sống lâu, khỏe mạnh và hạnh phúc bên gia đình.",30 – 55 triệu VNĐ,15 – 25 triệu VNĐ,2000 – 5000 USD,5,5,4,3,large,1.2037023238381863
41,Dog,cairn,12 năm – 15 năm,6 – 7.5 kg,23 – 25 cm,30 – 38 cm,"Cairn Terrier là giống chó sục nhỏ gọn, xuất xứ từ Scotland, nổi tiếng với bộ lông dày, thô và đôi mắt tinh anh. Chúng rất thông minh, lanh lợi, dũng cảm và thân thiện, phù hợp làm thú cưng trong nhà nhưng vẫn giữ bản năng săn mồi mạnh mẽ, thích khám phá môi trường xung quanh. Tính cách của Cairn Terrier sống động, hoạt bát và trung thành với gia đình, nhưng đôi khi hơi bướng bỉnh nếu không được huấn luyện đúng cách.  
  
Giống chó này cần được vận động đều đặn hằng ngày thông qua các buổi đi dạo, chạy nhảy ngoài sân vườn hoặc chơi các trò chơi tương tác. Vì Cairn Terrier rất năng động, việc thiếu vận động có thể dẫn đến nghịch phá hoặc tăng động. Huấn luyện nên bắt đầu từ sớm, sử dụng phương pháp tích cực, nhất quán và kiên nhẫn để đạt hiệu quả tốt.  
  
Bộ lông của Cairn Terrier gồm lớp ngoài thô cứng và lớp lót mềm, cần chải 2 – 3 lần/tuần để loại bỏ lông rụng và giữ lông gọn gàng. Định kỳ cắt tỉa hoặc “hand-stripping” giúp giữ kết cấu lông khỏe mạnh, đồng thời vệ sinh tai, răng và móng cũng cần thực hiện thường xuyên để duy trì sức khỏe tổng thể.  
  
Chế độ dinh dưỡng nên giàu protein chất lượng cao từ thịt nạc, cá, trứng, kết hợp rau củ quả và tinh bột nguyên hạt. Vì là giống chó nhỏ nhưng hoạt bát, bạn nên chia khẩu phần ăn thành nhiều bữa nhỏ trong ngày, hạn chế thức ăn dầu mỡ hoặc đồ ăn thừa từ con người để tránh vấn đề về tiêu hóa.  
  
Về sức khỏe, Cairn Terrier nhìn chung khỏe mạnh, nhưng có thể gặp một số bệnh di truyền như bệnh mắt, bệnh tim hoặc dị ứng da. Khám thú y định kỳ và chăm sóc đúng cách sẽ giúp chúng sống lâu, khỏe mạnh và vui vẻ bên gia đình.",25 – 45 triệu VNĐ,10 – 20 triệu VNĐ,1500 – 4000 USD,4,3,4,4,small,0.4463757970015758
42,Dog,australian_terrier,12 năm – 15 năm,5.5 – 7 kg,23 – 28 cm,35 – 40 cm,"Australian Terrier là giống chó sục nhỏ gọn xuất xứ từ Úc, nổi bật với ngoại hình rắn chắc, bộ lông thô cứng và màu sắc thường là nâu vàng pha xám hoặc đen. Chúng rất thông minh, lanh lợi, dũng cảm và trung thành, phù hợp làm thú cưng trong nhà nhưng vẫn giữ bản năng săn mồi, thích khám phá môi trường xung quanh. Australian Terrier sống động, hoạt bát và gắn bó với gia đình, nhưng đôi khi có thể hơi bướng bỉnh nếu không được huấn luyện đúng cách.  
  
Giống chó này cần được vận động đều đặn hàng ngày bằng các buổi đi dạo, chạy nhảy ngoài sân vườn hoặc chơi các trò chơi tương tác. Nếu thiếu vận động, Australian Terrier có thể trở nên nghịch ngợm hoặc tăng động. Huấn luyện nên bắt đầu từ sớm, sử dụng phương pháp tích cực, nhất quán và kiên nhẫn để đạt hiệu quả tốt.  
  
Bộ lông thô, cứng của Australian Terrier cần được chải đều đặn 2 – 3 lần/tuần để loại bỏ lông rụng và giữ lông gọn gàng. Định kỳ tỉa lông hoặc “hand-stripping” giúp duy trì kết cấu lông khỏe mạnh. Ngoài ra, vệ sinh tai, răng và móng cũng nên thực hiện thường xuyên để giữ sức khỏe tổng thể.  
  
Chế độ dinh dưỡng nên giàu protein chất lượng cao từ thịt nạc, cá, trứng kết hợp rau củ quả và tinh bột nguyên hạt. Vì đây là giống chó nhỏ nhưng năng động, khẩu phần ăn nên chia thành nhiều bữa nhỏ và hạn chế đồ ăn dầu mỡ hoặc thức ăn thừa từ con người.  
  
Về sức khỏe, Australian Terrier nhìn chung khỏe mạnh nhưng có thể gặp một số vấn đề di truyền như bệnh mắt, bệnh tim hoặc dị ứng da. Khám thú y định kỳ và chăm sóc đúng cách sẽ giúp chúng sống lâu, khỏe mạnh và hạnh phúc bên gia đình.",25 – 45 triệu VNĐ,10 – 18 triệu VNĐ,1500 – 4000 USD,4,3,3,4,small,0.4621639013147807
43,Dog,dandie_dinmont,12 năm – 15 năm,8 – 11 kg,20 – 28 cm,40 – 50 cm,"Dandie Dinmont Terrier là giống chó sục nhỏ xuất xứ từ Scotland, nổi bật với ngoại hình đặc trưng, thân dài, chân ngắn và bộ lông thô dài, mềm mại ở phần thân và mượt hơn ở phần đầu tạo thành kiểu “topknot” đặc trưng. Chúng rất thông minh, trung thành, tình cảm và có tính cách điềm đạm nhưng cũng năng động, thích khám phá môi trường xung quanh. Dandie Dinmont Terrier là giống chó lý tưởng cho gia đình, gắn bó với chủ và thân thiện với trẻ em.  
  
Giống chó này cần được vận động hằng ngày thông qua các buổi đi dạo, chạy nhảy ngoài sân vườn hoặc các trò chơi tương tác. Dù nhỏ, chúng có năng lượng khá dồi dào và cần giải phóng đều đặn để tránh nghịch phá. Huấn luyện nên bắt đầu sớm, sử dụng phương pháp tích cực, nhất quán và kiên nhẫn để kiểm soát sự bướng bỉnh tự nhiên của giống chó này.  
  
Bộ lông của Dandie Dinmont Terrier cần được chăm sóc đều đặn, chải 2 – 3 lần/tuần để loại bỏ lông rụng và giữ lông gọn gàng. Định kỳ tỉa lông hoặc “hand-stripping” sẽ giúp duy trì kết cấu lông khỏe mạnh và chuẩn dáng. Vệ sinh tai, răng và móng cũng cần thực hiện thường xuyên để đảm bảo sức khỏe tổng thể.  
  
Chế độ dinh dưỡng nên giàu protein chất lượng cao từ thịt nạc, cá, trứng kết hợp rau củ quả và tinh bột nguyên hạt. Do kích thước nhỏ nhưng năng động, nên chia khẩu phần thành nhiều bữa nhỏ và hạn chế đồ ăn dầu mỡ hoặc thức ăn thừa từ con người.  
  
Về sức khỏe, Dandie Dinmont Terrier nhìn chung khỏe mạnh nhưng có thể gặp một số bệnh di truyền như bệnh tim, vấn đề về da hoặc răng miệng. Khám thú y định kỳ và chăm sóc đúng cách sẽ giúp chúng sống lâu, khỏe mạnh và hạnh phúc bên gia đình.",30 – 50 triệu VNĐ,15 – 25 triệu VNĐ,2000 – 4500 USD,3,3,4,5,small,0.5503962674204586
44,Dog,boston_bull,11 năm – 13 năm,6 – 11 kg,38 – 43 cm,45 – 55 cm,"Boston Bull là giống chó nhỏ gọn, xuất xứ từ Mỹ, nổi bật với ngoại hình thanh lịch, khuôn mặt tròn, mắt to sáng và bộ lông ngắn mượt, thường có các màu phối trắng – đen, trắng – nâu hoặc trắng – brindle. Chúng rất thông minh, tình cảm, trung thành và hòa đồng, thích hợp làm thú cưng trong căn hộ hoặc gia đình có trẻ em. Boston Bull có tính cách hiền lành nhưng đôi khi cũng khá năng động và tinh nghịch.  
  
Giống chó này cần được vận động đều đặn hàng ngày thông qua các buổi đi dạo, chạy nhảy nhẹ hoặc chơi trò chơi tương tác trong nhà và ngoài sân. Dù năng động, Boston Bull không đòi hỏi vận động quá mức, nhưng việc giải phóng năng lượng sẽ giúp chúng giảm bớt stress và duy trì tinh thần vui vẻ. Huấn luyện nên sử dụng phương pháp tích cực và kiên nhẫn, vì chúng thông minh nhưng đôi khi bướng bỉnh.  
  
Bộ lông ngắn mượt của Boston Bull dễ chăm sóc, chỉ cần chải lông 1 – 2 lần/tuần để loại bỏ lông rụng và giữ vẻ bóng mượt. Ngoài ra, vệ sinh tai, cắt móng và chăm sóc răng miệng đều đặn sẽ giúp phòng ngừa bệnh lý thường gặp.  
  
Chế độ dinh dưỡng nên giàu protein chất lượng cao từ thịt nạc, cá, trứng, kết hợp rau củ quả và tinh bột nguyên hạt. Vì là giống chó nhỏ, khẩu phần nên chia thành 2 – 3 bữa nhỏ trong ngày và hạn chế thức ăn nhiều dầu mỡ hoặc đồ ăn thừa của con người.  
  
Về sức khỏe, Boston Bull có thể gặp các vấn đề liên quan đến hô hấp do khuôn mặt ngắn (brachycephalic), bệnh tim và mắt. Khám thú y định kỳ, duy trì chế độ ăn hợp lý và vận động phù hợp sẽ giúp chúng khỏe mạnh, sống lâu và hạnh phúc bên gia đình.",25 – 45 triệu VNĐ,12 – 20 triệu VNĐ,1500 – 4000 USD,3,2,1,5,small,0.6627457268853076
45,Dog,miniature_schnauzer,12 năm – 15 năm,5 – 9 kg,30 – 36 cm,38 – 45 cm,"Miniature Schnauzer là giống chó sục nhỏ gọn, xuất xứ từ Đức, nổi bật với bộ ria mép đặc trưng, bộ lông kép dày và thô ở lớp ngoài, mềm ở lớp trong. Chúng thông minh, lanh lợi, trung thành và rất tình cảm với gia đình, đồng thời năng động, thích khám phá và có bản năng canh gác tốt. Miniature Schnauzer hòa đồng với trẻ em và phù hợp làm thú cưng trong căn hộ hoặc nhà có sân.  
  
Giống chó này cần được vận động đều đặn hằng ngày thông qua các buổi đi dạo, chạy nhảy ngoài sân vườn hoặc chơi trò chơi tương tác. Nếu thiếu vận động, Miniature Schnauzer có thể trở nên nghịch ngợm hoặc tăng động. Huấn luyện nên bắt đầu sớm, sử dụng phương pháp tích cực, kiên nhẫn và nhất quán để kiểm soát sự bướng bỉnh và phát huy trí thông minh của chúng.  
  
Bộ lông của Miniature Schnauzer cần chải 2 – 3 lần/tuần để loại bỏ lông rụng và giữ lông gọn gàng. Định kỳ tỉa lông (hand-stripping hoặc cắt lông) giúp duy trì kết cấu lông khỏe mạnh, đồng thời giữ vẻ ngoài chuẩn mực. Vệ sinh tai, răng và móng cũng nên thực hiện thường xuyên để đảm bảo sức khỏe tổng thể.  
  
Chế độ dinh dưỡng nên giàu protein chất lượng cao từ thịt nạc, cá, trứng, kết hợp rau củ quả và tinh bột nguyên hạt. Vì là giống chó nhỏ nhưng năng động, khẩu phần nên chia thành nhiều bữa nhỏ trong ngày và hạn chế thức ăn dầu mỡ hoặc đồ ăn thừa từ con người.  
  
Về sức khỏe, Miniature Schnauzer nhìn chung khỏe mạnh nhưng có thể gặp một số vấn đề về răng, tuyến tụy, đường tiết niệu hoặc da. Khám thú y định kỳ và chăm sóc đúng cách sẽ giúp chúng sống lâu, khỏe mạnh và hạnh phúc bên gia đình.",25 – 50 triệu VNĐ,12 – 22 triệu VNĐ,1500 – 4000 USD,4,4,3,2,small,0.5448983355186638
46,Dog,giant_schnauzer,10 năm – 12 năm,35 – 48 kg,60 – 70 cm,85 – 100 cm,"Giant Schnauzer là giống chó sục lớn, xuất xứ từ Đức, nổi bật với thân hình vạm vỡ, cơ bắp rắn chắc và bộ ria mép cùng lông mặt đặc trưng. Chúng thông minh, trung thành, mạnh mẽ và có bản năng bảo vệ gia đình cao, thường được sử dụng làm chó canh gác hoặc cảnh sát. Giant Schnauzer hòa đồng với người thân nhưng có thể cảnh giác với người lạ, do đó cần được xã hội hóa từ sớm.  
  
Giống chó này cần vận động thường xuyên và bài bản. Các buổi đi dạo dài, chạy nhảy, chơi trò chơi tương tác hoặc các hoạt động huấn luyện như agility và obedience sẽ giúp Giant Schnauzer giải phóng năng lượng, duy trì thể lực và tinh thần minh mẫn. Thiếu vận động, chúng có thể trở nên phá phách hoặc căng thẳng. Huấn luyện nên kiên nhẫn, nhất quán, sử dụng phương pháp tích cực để kiểm soát tính cách mạnh mẽ và phát huy trí thông minh.  
  
Bộ lông của Giant Schnauzer thuộc loại lông kép, lớp ngoài cứng thô và lớp trong mềm, cần chải 2 – 3 lần/tuần để loại bỏ lông rụng. Định kỳ tỉa lông hoặc “hand-stripping” giúp duy trì kết cấu lông khỏe mạnh và chuẩn dáng. Vệ sinh tai, răng và cắt móng đều đặn cũng rất quan trọng để bảo vệ sức khỏe tổng thể.  
  
Chế độ dinh dưỡng nên giàu protein chất lượng cao từ thịt nạc, cá, trứng, kết hợp rau củ quả và tinh bột nguyên hạt. Vì đây là giống chó lớn, cần cung cấp đủ năng lượng nhưng kiểm soát khẩu phần để tránh thừa cân, chia bữa ăn hợp lý trong ngày.  
  
Về sức khỏe, Giant Schnauzer có thể gặp một số vấn đề về hông, khuỷu tay, tim hoặc mắt. Khám thú y định kỳ, duy trì vận động hợp lý và chế độ dinh dưỡng cân đối sẽ giúp chúng sống khỏe mạnh, an toàn và hạnh phúc bên gia đình.",50 – 80 triệu VNĐ,25 – 40 triệu VNĐ,3000 – 6000 USD,4,4,3,4,large,1.6715216801070771
